year,ticker,sector,esg_rank,ret_rank,esg_years,ret_years,min_years,esg_mean,selected
2008,SSP,Communication Services,1,1,5,7,5,23.26777775923592,True
2008,DIS,Communication Services,2,2,4,7,4,49.97873167918797,True
2008,NYT,Communication Services,3,7,4,3,3,34.353679184524275,True
2008,VZ,Communication Services,4,4,4,6,4,31.779195112748077,True
2008,T,Communication Services,5,6,3,5,3,20.353070271467317,True
2008,SBUX,Consumer Discretionary,1,5,4,2,2,69.81075949809147,False
2008,MCD,Consumer Discretionary,2,24,4,1,1,54.40999663237987,False
2008,HD,Consumer Discretionary,3,35,4,0,0,45.24812741386438,False
2008,BC,Consumer Discretionary,4,26,2,1,1,44.46795438011363,False
2008,AN,Consumer Discretionary,5,21,2,1,1,42.97885122670293,False
2008,PEP,Consumer Staples,1,7,4,2,2,55.627786658572575,False
2008,TGT,Consumer Staples,2,14,4,1,1,54.142378978327564,False
2008,KMB,Consumer Staples,3,21,3,0,0,52.129849538992076,False
2008,WMT,Consumer Staples,4,23,3,0,0,38.62587593603392,False
2008,PG,Consumer Staples,5,13,2,1,1,49.0960767747571,False
2008,STT,Financials,1,16,4,1,1,54.948545692144926,False
2008,GS,Financials,2,17,3,1,1,50.013025791423026,False
2008,SCHW,Financials,3,10,3,2,2,47.1960181926915,False
2008,UNM,Financials,4,45,2,0,0,48.7625578460112,False
2008,PNC,Financials,5,19,2,1,1,47.15691603330335,False
2008,BMY,Health Care,1,27,4,0,0,80.34158126636882,False
2008,BAX,Health Care,2,17,4,1,1,72.02740012397908,False
2008,JNJ,Health Care,3,23,4,0,0,69.31421458406984,False
2008,MRK,Health Care,4,9,3,2,2,62.77382653438947,False
2008,BDX,Health Care,5,15,2,1,1,46.0582691867947,False
2008,MMM,Industrials,1,29,4,0,0,52.717657618031524,False
2008,UPS,Industrials,2,21,4,1,1,50.769572789607025,False
2008,JCI,Industrials,3,37,3,0,0,49.42568271658,False
2008,ETN,Industrials,4,12,2,1,1,51.22809292569565,False
2008,ROK,Industrials,5,9,2,2,2,31.332669822410075,False
2008,CSCO,Information Technology,1,19,5,1,1,68.05655212903662,False
2008,IBM,Information Technology,2,21,4,0,0,65.91673437925047,False
2008,TXN,Information Technology,3,23,3,0,0,62.6617754745799,False
2008,HPQ,Information Technology,4,9,3,2,2,61.106235793604796,False
2008,ORCL,Information Technology,5,18,3,1,1,39.838375397068184,False
2008,FCX,Materials,1,2,5,5,5,27.963632050787158,True
2008,EMN,Materials,2,12,4,1,1,47.64483090234908,False
2008,ASH,Materials,3,3,3,5,3,35.09744427241342,True
2008,NEM,Materials,4,7,2,3,2,72.97366906826176,False
2008,NUE,Materials,5,1,2,6,2,20.294111269764073,False
2008,EQR,Real Estate,1,11,4,0,0,31.147251528746004,False
2008,KIM,Real Estate,2,3,4,6,4,30.178942886791525,True
2008,VNO,Real Estate,3,5,4,5,4,24.36977774451175,True
2008,AIV,Real Estate,4,8,2,2,2,19.717653392351224,False
2008,BXP,Real Estate,5,2,2,6,2,17.864488177509678,False
2008,SO,Utilities,1,9,4,2,2,66.60089273051868,False
2008,EXC,Utilities,2,1,3,4,3,51.17677814886292,True
2008,PNW,Utilities,3,21,3,0,0,51.111426090769676,False
2008,EIX,Utilities,4,8,2,3,2,46.328500332435326,False
2008,ED,Utilities,5,12,2,2,2,44.5023764922788,False
2009,DIS,Communication Services,1,3,5,8,5,50.841045670644725,True
2009,NYT,Communication Services,2,6,5,4,4,36.90104935844578,True
2009,VZ,Communication Services,3,4,5,8,5,32.29005775637534,True
2009,T,Communication Services,4,1,5,9,5,24.151889704783418,True
2009,CMCSA,Communication Services,5,5,3,7,3,11.530648483949863,True
2009,MCD,Consumer Discretionary,1,12,5,2,2,58.6779752618081,False
2009,SBUX,Consumer Discretionary,2,9,4,2,2,63.02792016474798,False
2009,HD,Consumer Discretionary,3,35,4,0,0,45.909051317985124,False
2009,EBAY,Consumer Discretionary,4,18,3,1,1,44.907803026345924,False
2009,F,Consumer Discretionary,5,36,2,0,0,63.3832797501678,False
2009,PEP,Consumer Staples,1,9,5,2,2,58.786134175828785,False
2009,TGT,Consumer Staples,2,15,5,1,1,55.92839145151655,False
2009,WMT,Consumer Staples,3,19,4,1,1,43.61483553868808,False
2009,KMB,Consumer Staples,4,24,3,0,0,52.172251369468675,False
2009,KO,Consumer Staples,5,17,2,1,1,57.58231196333804,False
2009,STT,Financials,1,21,5,1,1,57.55115660617056,False
2009,GS,Financials,2,22,4,1,1,52.42545798410494,False
2009,SCHW,Financials,3,26,3,1,1,48.390486326441625,False
2009,BAC,Financials,4,24,2,1,1,51.25272119649335,False
2009,C,Financials,5,48,2,0,0,49.204453595252524,False
2009,BMY,Health Care,1,20,5,1,1,79.68304335103196,False
2009,BAX,Health Care,2,16,5,1,1,72.83348555962834,False
2009,JNJ,Health Care,3,26,5,0,0,72.4104220457709,False
2009,MRK,Health Care,4,12,3,2,2,62.295970980160384,False
2009,A,Health Care,5,21,2,1,1,47.52414786845966,False
2009,MMM,Industrials,1,31,5,0,0,53.51403779778087,False
2009,JCI,Industrials,2,39,4,0,0,50.42806095682266,False
2009,UPS,Industrials,3,25,4,1,1,49.876068341002984,False
2009,ETN,Industrials,4,17,3,1,1,56.730558122602304,False
2009,ROK,Industrials,5,10,3,2,2,35.9063279765307,False
2009,CSCO,Information Technology,1,22,6,1,1,69.51089066512036,False
2009,HPQ,Information Technology,2,10,4,2,2,66.36774306549573,False
2009,IBM,Information Technology,3,16,4,1,1,65.09978654179848,False
2009,INTC,Information Technology,4,13,3,2,2,63.29988989566664,False
2009,TXN,Information Technology,5,23,3,0,0,62.40972431292973,False
2009,FCX,Materials,1,2,6,5,5,33.2300227682393,True
2009,EMN,Materials,2,12,4,1,1,44.06155647121698,False
2009,NEM,Materials,3,6,3,4,3,74.2453674011449,True
2009,ASH,Materials,4,4,3,5,3,34.15133041192346,True
2009,IP,Materials,5,15,2,0,0,55.85185399371825,False
2009,EQR,Real Estate,1,12,5,0,0,32.360664259222844,False
2009,KIM,Real Estate,2,6,4,5,4,31.190262741672978,True
2009,VNO,Real Estate,3,5,4,5,4,25.64413202091908,True
2009,WY,Real Estate,4,10,2,2,2,77.3344087556899,False
2009,SPG,Real Estate,5,1,2,7,2,44.3716298587908,False
2009,SO,Utilities,1,4,5,3,3,67.9792675110973,True
2009,EXC,Utilities,2,1,4,4,4,52.549911944906285,True
2009,WEC,Utilities,3,12,3,2,2,61.94803022954893,False
2009,PNW,Utilities,4,22,3,0,0,51.0537197404569,False
2009,PCG,Utilities,5,9,2,3,2,63.005313049086396,False
2010,DIS,Communication Services,1,3,6,9,6,53.6166011786324,True
2010,NYT,Communication Services,2,6,6,5,5,38.47420330873362,True
2010,VZ,Communication Services,3,4,6,9,6,38.11128867627479,True
2010,T,Communication Services,4,1,6,10,6,28.09172392476313,True
2010,OMC,Communication Services,5,2,3,10,3,35.31521716750384,True
2010,MCD,Consumer Discretionary,1,15,6,2,2,60.31793566612172,False
2010,SBUX,Consumer Discretionary,2,4,5,3,3,67.90230291551877,True
2010,HD,Consumer Discretionary,3,38,4,0,0,48.79271003873264,False
2010,F,Consumer Discretionary,4,17,3,1,1,67.07805002006414,False
2010,CCL,Consumer Discretionary,5,37,3,0,0,44.543305346652005,False
2010,PEP,Consumer Staples,1,6,6,3,3,61.346497387927194,True
2010,TGT,Consumer Staples,2,12,5,2,2,55.80644971709986,False
2010,WMT,Consumer Staples,3,22,5,1,1,48.98884533539118,False
2010,KO,Consumer Staples,4,20,3,1,1,62.16852811694405,False
2010,KMB,Consumer Staples,5,24,3,0,0,53.97210574465975,False
2010,STT,Financials,1,24,5,1,1,60.97761554562863,False
2010,GS,Financials,2,10,4,2,2,51.42667719592913,False
2010,C,Financials,3,54,3,0,0,53.28442588284688,False
2010,SCHW,Financials,4,29,3,1,1,49.27441413456346,False
2010,WFC,Financials,5,26,3,1,1,44.392479422613995,False
2010,BMY,Health Care,1,22,6,1,1,79.68804268377417,False
2010,JNJ,Health Care,2,28,6,0,0,72.09278574385867,False
2010,BAX,Health Care,3,24,6,0,0,71.81442791043348,False
2010,MRK,Health Care,4,14,3,2,2,62.175133531426155,False
2010,A,Health Care,5,15,3,2,2,52.05435003448153,False
2010,MMM,Industrials,1,31,6,0,0,56.964843900738174,False
2010,JCI,Industrials,2,25,5,1,1,56.13467407496824,False
2010,ETN,Industrials,3,17,4,1,1,59.03379798597538,False
2010,UPS,Industrials,4,27,4,1,1,51.16094104396587,False
2010,WM,Industrials,5,13,3,2,2,60.394892851441796,False
2010,CSCO,Information Technology,1,24,7,1,1,71.02061437962176,False
2010,HPQ,Information Technology,2,11,6,2,2,69.33046963209603,False
2010,IBM,Information Technology,3,19,4,1,1,67.0316907270537,False
2010,TXN,Information Technology,4,29,4,0,0,65.44447999878832,False
2010,INTC,Information Technology,5,23,3,1,1,64.84827985647792,False
2010,FCX,Materials,1,1,5,6,5,39.67508671633902,True
2010,NEM,Materials,2,6,4,4,4,75.31060726792876,True
2010,EMN,Materials,3,12,4,2,2,40.1572006164023,False
2010,FMC,Materials,4,4,4,5,4,33.30847646771967,True
2010,IP,Materials,5,14,3,1,1,54.98125724419747,False
2010,EQR,Real Estate,1,14,6,0,0,33.261458299179004,False
2010,KIM,Real Estate,2,8,5,4,4,31.88062993097613,True
2010,VNO,Real Estate,3,7,4,4,4,24.64832400407805,True
2010,WY,Real Estate,4,12,3,2,2,77.5033456290688,False
2010,HST,Real Estate,5,10,3,3,3,37.5398164723299,True
2010,SO,Utilities,1,8,5,3,3,66.15769821647007,True
2010,WEC,Utilities,2,12,4,2,2,61.74395950841212,False
2010,PNW,Utilities,3,20,4,0,0,54.21877207925468,False
2010,EXC,Utilities,4,2,4,4,4,53.039709461699154,True
2010,PCG,Utilities,5,9,3,3,3,68.88875443993813,True
2011,DIS,Communication Services,1,3,7,9,7,56.275967679980866,True
2011,VZ,Communication Services,2,4,7,9,7,43.848032444408396,True
2011,NYT,Communication Services,3,6,7,5,5,38.89039920931376,True
2011,T,Communication Services,4,2,7,10,7,31.91051454416928,True
2011,OMC,Communication Services,5,1,4,10,4,38.35073585251055,True
2011,MCD,Consumer Discretionary,1,15,7,2,2,62.176543641652174,False
2011,SBUX,Consumer Discretionary,2,12,6,2,2,71.00403512345869,False
2011,F,Consumer Discretionary,3,9,4,2,2,71.0665127277639,False
2011,HD,Consumer Discretionary,4,39,4,0,0,50.704451739472,False
2011,CCL,Consumer Discretionary,5,35,4,0,0,48.359481900655005,False
2011,PEP,Consumer Staples,1,14,6,2,2,63.04795685622564,False
2011,WMT,Consumer Staples,2,21,6,1,1,52.826348648274205,False
2011,TGT,Consumer Staples,3,10,5,2,2,57.21586273757403,False
2011,KO,Consumer Staples,4,17,4,1,1,65.03081118101966,False
2011,CL,Consumer Staples,5,18,4,1,1,52.8622430571668,False
2011,STT,Financials,1,50,6,0,0,63.824372302236725,False
2011,C,Financials,2,56,4,0,0,56.6325508711174,False
2011,GS,Financials,3,7,4,2,2,51.10785140138558,False
2011,WFC,Financials,4,25,4,1,1,48.163655134875896,False
2011,SCHW,Financials,5,29,3,1,1,50.154106008570224,False
2011,JNJ,Health Care,1,26,7,0,0,73.18237822631274,False
2011,BAX,Health Care,2,25,7,0,0,72.7036988804379,False
2011,BMY,Health Care,3,22,6,1,1,78.87115911278751,False
2011,MRK,Health Care,4,15,4,2,2,64.4661386467128,False
2011,A,Health Care,5,9,4,3,3,55.78110593518686,True
2011,MMM,Industrials,1,34,7,0,0,59.91929137778231,False
2011,JCI,Industrials,2,24,6,1,1,59.9890731061721,False
2011,UPS,Industrials,3,22,5,1,1,53.96336222420963,False
2011,ETN,Industrials,4,12,4,2,2,60.76180567739001,False
2011,WM,Industrials,5,21,3,1,1,60.62371978033682,False
2011,CSCO,Information Technology,1,25,8,1,1,72.53335799351906,False
2011,HPQ,Information Technology,2,13,7,2,2,70.95702042170896,False
2011,INTC,Information Technology,3,23,4,1,1,68.62573382211181,False
2011,TXN,Information Technology,4,30,4,0,0,67.62223748535824,False
2011,IBM,Information Technology,5,19,4,1,1,67.59798604813734,False
2011,FCX,Materials,1,1,8,7,7,45.31547036489969,True
2011,NEM,Materials,2,7,5,4,4,76.55030514331781,True
2011,EMN,Materials,3,9,4,2,2,38.04153756074784,False
2011,FMC,Materials,4,4,4,5,4,33.194889975877736,True
2011,IP,Materials,5,15,3,1,1,52.269836906687374,False
2011,EQR,Real Estate,1,14,6,0,0,33.39864138615702,False
2011,KIM,Real Estate,2,8,5,4,4,30.487360516507,True
2011,WY,Real Estate,3,12,4,2,2,77.9588778074765,False
2011,HST,Real Estate,4,10,4,3,3,37.96491188149298,True
2011,VNO,Real Estate,5,7,4,4,4,23.732571268495256,True
2011,SO,Utilities,1,2,5,4,4,66.74989333374911,True
2011,WEC,Utilities,2,7,5,3,3,63.54233347686803,True
2011,PNW,Utilities,3,19,5,1,1,57.52881126699669,False
2011,PCG,Utilities,4,12,4,2,2,72.8843856192717,False
2011,EXC,Utilities,5,10,4,3,3,53.664811002480725,True
2012,DIS,Communication Services,1,1,8,10,8,58.62776559981361,True
2012,VZ,Communication Services,2,4,8,8,8,47.03377003420291,True
2012,T,Communication Services,3,2,8,9,8,36.03027908923596,True
2012,EA,Communication Services,4,8,5,0,0,45.256595350416525,False
2012,OMC,Communication Services,5,3,5,9,5,40.1475890084745,True
2012,MCD,Consumer Discretionary,1,17,8,1,1,63.90237138601094,False
2012,SBUX,Consumer Discretionary,2,5,7,3,3,72.33656220584663,True
2012,F,Consumer Discretionary,3,15,5,1,1,72.01378008307384,False
2012,HD,Consumer Discretionary,4,39,4,0,0,52.53141992690229,False
2012,CCL,Consumer Discretionary,5,35,4,0,0,51.47025067640934,False
2012,PEP,Consumer Staples,1,13,7,2,2,65.65942283049084,False
2012,WMT,Consumer Staples,2,24,7,1,1,55.53150375385268,False
2012,KO,Consumer Staples,3,15,5,1,1,67.78053812233789,False
2012,TGT,Consumer Staples,4,20,5,1,1,58.489661537291084,False
2012,CL,Consumer Staples,5,17,5,1,1,55.99166748973809,False
2012,STT,Financials,1,46,7,0,0,65.99706636114202,False
2012,C,Financials,2,56,5,0,0,59.01674006318552,False
2012,WFC,Financials,3,24,5,1,1,52.23751080264781,False
2012,GS,Financials,4,8,4,2,2,53.70454686164785,False
2012,SCHW,Financials,5,47,3,0,0,49.727492480855545,False
2012,JNJ,Health Care,1,27,8,0,0,74.8042493275175,False
2012,BAX,Health Care,2,28,8,0,0,73.61379677191728,False
2012,BMY,Health Care,3,26,6,0,0,78.22832245456426,False
2012,MRK,Health Care,4,22,5,1,1,66.38899065491619,False
2012,CVS,Health Care,5,24,5,0,0,56.58335282722728,False
2012,MMM,Industrials,1,32,8,0,0,62.18714620531394,False
2012,JCI,Industrials,2,23,7,1,1,61.93981293578315,False
2012,UPS,Industrials,3,21,7,1,1,56.530046613120845,False
2012,ETN,Industrials,4,17,5,1,1,61.49562644421593,False
2012,WM,Industrials,5,22,3,1,1,63.18484215624353,False
2012,CSCO,Information Technology,1,27,9,1,1,73.9376403223633,False
2012,HPQ,Information Technology,2,25,7,1,1,71.0063663712197,False
2012,INTC,Information Technology,3,13,5,2,2,71.91393005735772,False
2012,TXN,Information Technology,4,31,5,0,0,69.13306353019591,False
2012,IBM,Information Technology,5,12,4,2,2,67.8314404338887,False
2012,FCX,Materials,1,2,9,6,6,49.65350920258762,True
2012,NEM,Materials,2,6,6,4,4,77.40597527611638,True
2012,EMN,Materials,3,9,4,2,2,37.50032942808797,False
2012,FMC,Materials,4,5,4,4,4,32.954053752833296,True
2012,CLF,Materials,5,1,3,6,3,72.0157590685365,True
2012,EQR,Real Estate,1,14,6,0,0,33.55771416414029,False
2012,WY,Real Estate,2,12,5,2,2,80.13034648209278,False
2012,KIM,Real Estate,3,10,5,3,3,29.452901310456173,True
2012,HST,Real Estate,4,9,4,3,3,36.176654996662165,True
2012,AIV,Real Estate,5,11,4,3,3,25.12281682708654,True
2012,PNW,Utilities,1,22,6,1,1,60.346093604042316,False
2012,PCG,Utilities,2,12,5,2,2,75.47746261931897,False
2012,SO,Utilities,3,8,5,3,3,66.85624211176858,True
2012,WEC,Utilities,4,3,5,3,3,64.47203254070139,True
2012,EXC,Utilities,5,6,4,3,3,55.4688261171499,True
2013,DIS,Communication Services,1,1,9,10,9,59.053251722633526,True
2013,VZ,Communication Services,2,6,9,7,7,49.57619368655371,True
2013,T,Communication Services,3,2,9,9,9,39.11325876394039,True
2013,EA,Communication Services,4,8,6,0,0,43.49528003181723,False
2013,OMC,Communication Services,5,4,6,8,6,40.59716465067988,True
2013,MCD,Consumer Discretionary,1,20,9,1,1,66.03686476818403,False
2013,SBUX,Consumer Discretionary,2,4,8,3,3,73.77129994782585,True
2013,F,Consumer Discretionary,3,15,6,1,1,72.61641878939686,False
2013,CCL,Consumer Discretionary,4,39,5,0,0,54.36431230017509,False
2013,HD,Consumer Discretionary,5,36,4,0,0,53.323316707800316,False
2013,PEP,Consumer Staples,1,18,8,1,1,68.01218026979465,False
2013,KO,Consumer Staples,2,16,6,1,1,69.81793482578082,False
2013,MDLZ,Consumer Staples,3,22,6,1,1,64.23066696463363,False
2013,WMT,Consumer Staples,4,21,6,1,1,57.102938103944176,False
2013,CL,Consumer Staples,5,25,5,0,0,58.44278931786822,False
2013,STT,Financials,1,51,7,0,0,66.87990884983746,False
2013,C,Financials,2,32,6,1,1,61.630435791091955,False
2013,WFC,Financials,3,23,6,1,1,54.663534427403,False
2013,GS,Financials,4,8,4,2,2,54.37967644066324,False
2013,BAC,Financials,5,26,3,1,1,58.97887243851702,False
2013,JNJ,Health Care,1,28,9,0,0,76.73875100438896,False
2013,BAX,Health Care,2,17,9,1,1,74.34719255925168,False
2013,BMY,Health Care,3,26,6,0,0,77.33172903309244,False
2013,MRK,Health Care,4,22,6,1,1,68.40215554044201,False
2013,CVS,Health Care,5,24,6,0,0,59.40367732298357,False
2013,MMM,Industrials,1,35,9,0,0,64.92590790407809,False
2013,JCI,Industrials,2,23,8,1,1,64.3662445528621,False
2013,UPS,Industrials,3,39,8,0,0,58.21541660638401,False
2013,ETN,Industrials,4,18,5,1,1,60.975530444070955,False
2013,WM,Industrials,5,24,3,1,1,64.12284163376147,False
2013,CSCO,Information Technology,1,27,10,1,1,74.73193647628018,False
2013,HPQ,Information Technology,2,36,8,0,0,71.9266356105237,False
2013,INTC,Information Technology,3,25,6,1,1,74.49709019025106,False
2013,TXN,Information Technology,4,31,6,0,0,71.32729891216685,False
2013,IBM,Information Technology,5,13,4,2,2,68.87755693032138,False
2013,FCX,Materials,1,3,10,5,5,53.31619177607788,True
2013,NEM,Materials,2,9,7,3,3,78.52242327773793,True
2013,CLF,Materials,3,1,4,6,4,74.65988196160228,True
2013,EMN,Materials,4,7,4,3,3,37.5596432205419,True
2013,FMC,Materials,5,5,4,4,4,33.40978846793654,True
2013,WY,Real Estate,1,11,6,3,3,81.05305754022986,True
2013,EQR,Real Estate,2,15,6,0,0,34.2545045610738,False
2013,HST,Real Estate,3,9,5,3,3,40.33915281362288,True
2013,KIM,Real Estate,4,10,5,3,3,29.881280695109645,True
2013,PLD,Real Estate,5,12,4,3,3,43.1410854563016,True
2013,PNW,Utilities,1,20,7,1,1,62.437833984145996,False
2013,PCG,Utilities,2,9,6,2,2,76.97942251223306,False
2013,WEC,Utilities,3,12,5,2,2,65.2905283416796,False
2013,SO,Utilities,4,15,5,2,2,64.84350078954023,False
2013,EXC,Utilities,5,17,4,2,2,56.65034691025945,False
2014,DIS,Communication Services,1,1,10,10,10,59.62650121575344,True
2014,VZ,Communication Services,2,6,10,7,7,51.95795605144116,True
2014,T,Communication Services,3,3,10,8,8,41.89054137868626,True
2014,EA,Communication Services,4,8,7,0,0,42.67116042249249,False
2014,OMC,Communication Services,5,4,7,8,7,40.9558701799991,True
2014,MCD,Consumer Discretionary,1,24,10,1,1,67.16549203694665,False
2014,SBUX,Consumer Discretionary,2,4,9,3,3,75.03314390391108,True
2014,F,Consumer Discretionary,3,16,7,1,1,73.03938899043628,False
2014,CCL,Consumer Discretionary,4,46,5,0,0,56.2617289365661,False
2014,HD,Consumer Discretionary,5,38,3,0,0,55.92399725764883,False
2014,PEP,Consumer Staples,1,19,9,1,1,69.65042952964619,False
2014,MDLZ,Consumer Staples,2,18,7,1,1,66.031618696967,False
2014,KO,Consumer Staples,3,20,6,1,1,70.18930596727085,False
2014,WMT,Consumer Staples,4,23,5,1,1,62.43844109475653,False
2014,CL,Consumer Staples,5,24,5,0,0,59.913229494483915,False
2014,STT,Financials,1,46,8,0,0,68.49897283618262,False
2014,C,Financials,2,32,7,1,1,63.13283192613123,False
2014,WFC,Financials,3,23,6,1,1,56.13592748556353,False
2014,ALL,Financials,4,47,4,0,0,60.368519746866255,False
2014,GS,Financials,5,9,4,2,2,54.772253854342,False
2014,JNJ,Health Care,1,30,10,0,0,78.08264907342308,False
2014,BAX,Health Care,2,27,10,0,0,74.80409061490167,False
2014,BMY,Health Care,3,26,6,0,0,76.48647669021241,False
2014,MRK,Health Care,4,21,6,1,1,69.12834589736693,False
2014,CVS,Health Care,5,24,6,0,0,65.21849440271063,False
2014,MMM,Industrials,1,39,10,0,0,67.10367733311469,False
2014,JCI,Industrials,2,24,9,1,1,66.97126166499643,False
2014,UPS,Industrials,3,42,9,0,0,59.67847477456415,False
2014,ETN,Industrials,4,16,5,1,1,61.10492046208529,False
2014,WM,Industrials,5,25,4,1,1,65.8671198157548,False
2014,CSCO,Information Technology,1,27,10,1,1,77.18482325872549,False
2014,HPQ,Information Technology,2,22,9,1,1,72.37474636757455,False
2014,INTC,Information Technology,3,26,7,1,1,76.09764032211527,False
2014,TXN,Information Technology,4,32,7,0,0,73.44881325948388,False
2014,MSFT,Information Technology,5,33,5,0,0,64.9352796867608,False
2014,FCX,Materials,1,3,10,4,4,59.06509510639877,True
2014,NEM,Materials,2,15,8,2,2,79.1634155661199,False
2014,CLF,Materials,3,2,5,5,5,75.53571984085912,True
2014,EMN,Materials,4,8,4,3,3,37.574970498401015,True
2014,FMC,Materials,5,4,4,4,4,34.42065543834859,True
2014,WY,Real Estate,1,10,7,3,3,82.05544110045267,True
2014,HST,Real Estate,2,9,6,3,3,43.26110053807003,True
2014,EQR,Real Estate,3,16,6,0,0,34.16256944288911,False
2014,KIM,Real Estate,4,11,5,3,3,31.328058691901088,True
2014,PLD,Real Estate,5,14,4,2,2,46.66213007004503,False
2014,PNW,Utilities,1,19,8,1,1,63.41275025868087,False
2014,PCG,Utilities,2,21,7,1,1,77.30215874514143,False
2014,WEC,Utilities,3,11,5,2,2,65.27988063299851,False
2014,SO,Utilities,4,14,5,2,2,62.644747991910926,False
2014,EXC,Utilities,5,16,4,2,2,57.809854747047325,False
2015,DIS,Communication Services,1,1,10,10,10,60.578123592743715,True
2015,T,Communication Services,2,2,10,8,8,46.646398265739094,True
2015,VZ,Communication Services,3,6,9,6,6,57.906947532946084,True
2015,GOOGL,Communication Services,4,7,8,5,5,51.15716920223556,True
2015,OMC,Communication Services,5,5,6,6,6,40.75277585839236,True
2015,SBUX,Consumer Discretionary,1,20,9,1,1,77.85535291186532,False
2015,MCD,Consumer Discretionary,2,25,9,1,1,68.68276220194403,False
2015,F,Consumer Discretionary,3,13,8,1,1,73.00489050762667,False
2015,CCL,Consumer Discretionary,4,48,6,0,0,61.94876444243563,False
2015,MAT,Consumer Discretionary,5,42,3,0,0,55.37067134690865,False
2015,PEP,Consumer Staples,1,19,8,1,1,72.71393968146478,False
2015,MDLZ,Consumer Staples,2,20,7,1,1,71.78325954271808,False
2015,KO,Consumer Staples,3,16,6,1,1,74.07072739104999,False
2015,WMT,Consumer Staples,4,23,6,1,1,68.70964658149829,False
2015,CPB,Consumer Staples,5,21,5,1,1,57.53638683834074,False
2015,STT,Financials,1,41,9,0,0,72.20835460549753,False
2015,C,Financials,2,32,8,1,1,66.73623899572709,False
2015,WFC,Financials,3,13,6,2,2,62.26039163100596,False
2015,ALL,Financials,4,24,5,1,1,63.933542847317696,False
2015,JPM,Financials,5,42,4,0,0,56.28307331260978,False
2015,JNJ,Health Care,1,34,10,0,0,78.4936286940192,False
2015,BAX,Health Care,2,33,10,0,0,75.30692077392153,False
2015,CVS,Health Care,3,26,7,0,0,69.55391379485107,False
2015,MRK,Health Care,4,19,6,1,1,70.61549270931842,False
2015,BMY,Health Care,5,27,5,0,0,76.38324634016129,False
2015,JCI,Industrials,1,28,10,1,1,71.89761272299678,False
2015,MMM,Industrials,2,37,10,0,0,70.82937886694465,False
2015,UPS,Industrials,3,45,8,0,0,61.92268822547633,False
2015,WM,Industrials,4,26,5,1,1,67.25218504083928,False
2015,ETN,Industrials,5,20,5,1,1,61.968357467460336,False
2015,CSCO,Information Technology,1,25,10,1,1,79.01572193400924,False
2015,HPQ,Information Technology,2,11,8,2,2,74.72070665970578,False
2015,INTC,Information Technology,3,12,7,2,2,78.65757510137614,False
2015,TXN,Information Technology,4,31,7,0,0,75.65134764954567,False
2015,MSFT,Information Technology,5,33,6,0,0,70.66806377127334,False
2015,FCX,Materials,1,3,10,4,4,65.70013338135203,True
2015,NEM,Materials,2,15,9,2,2,79.38625186420046,False
2015,APD,Materials,3,16,6,1,1,64.56736174476876,False
2015,PPG,Materials,4,5,4,4,4,46.570326007728525,True
2015,AVY,Materials,5,18,4,1,1,41.310958740475165,False
2015,WY,Real Estate,1,11,8,3,3,82.54324423656556,True
2015,HST,Real Estate,2,10,7,3,3,46.00363533143111,True
2015,PLD,Real Estate,3,15,5,2,2,48.40903908370055,False
2015,EQR,Real Estate,4,17,5,0,0,35.9389595904006,False
2015,MAC,Real Estate,5,7,4,3,3,39.60844352057302,True
2015,PCG,Utilities,1,14,8,2,2,78.36645239763442,False
2015,PNW,Utilities,2,20,8,1,1,66.40607299419696,False
2015,WEC,Utilities,3,9,6,2,2,66.0075992754355,False
2015,SO,Utilities,4,15,4,2,2,61.531342403964196,False
2015,EXC,Utilities,5,16,4,2,2,59.67157978937672,False
2016,DIS,Communication Services,1,1,10,10,10,61.856197163064756,True
2016,T,Communication Services,2,2,10,8,8,51.42241083503561,True
2016,VZ,Communication Services,3,5,9,6,6,63.173418871220704,True
2016,GOOGL,Communication Services,4,6,9,5,5,50.399494877428516,True
2016,OMC,Communication Services,5,7,7,5,5,41.14469600919225,True
2016,SBUX,Consumer Discretionary,1,15,9,1,1,79.27934806101604,False
2016,MCD,Consumer Discretionary,2,24,9,1,1,71.74420587407795,False
2016,F,Consumer Discretionary,3,14,8,1,1,73.06074944599216,False
2016,CCL,Consumer Discretionary,4,48,7,0,0,66.40197555631364,False
2016,HD,Consumer Discretionary,5,33,2,0,0,60.637147942650245,False
2016,PEP,Consumer Staples,1,27,8,0,0,75.87018816989548,False
2016,MDLZ,Consumer Staples,2,17,7,1,1,76.05214227541391,False
2016,KO,Consumer Staples,3,20,6,1,1,78.03465906282534,False
2016,WMT,Consumer Staples,4,23,6,1,1,74.56146773420997,False
2016,CPB,Consumer Staples,5,21,6,1,1,63.61050283077138,False
2016,STT,Financials,1,48,9,0,0,75.83992690048922,False
2016,C,Financials,2,32,9,1,1,71.23714045158759,False
2016,ALL,Financials,3,23,6,1,1,67.41582715487635,False
2016,WFC,Financials,4,12,6,2,2,66.16329991499015,False
2016,JPM,Financials,5,38,5,0,0,60.821280693295535,False
2016,JNJ,Health Care,1,38,10,0,0,80.90270632913608,False
2016,BAX,Health Care,2,37,10,0,0,77.83717171542334,False
2016,CVS,Health Care,3,27,8,0,0,74.74747141903381,False
2016,MRK,Health Care,4,18,6,1,1,72.28949781968484,False
2016,A,Health Care,5,17,6,1,1,71.73618505490204,False
2016,MMM,Industrials,1,39,10,0,0,75.49100277832753,False
2016,JCI,Industrials,2,32,10,1,1,75.04227662303092,False
2016,UPS,Industrials,3,47,7,0,0,64.43961340611361,False
2016,WM,Industrials,4,26,5,1,1,67.43589791611083,False
2016,ETN,Industrials,5,37,5,0,0,62.66124860718331,False
2016,CSCO,Information Technology,1,23,10,1,1,82.01886234305258,False
2016,INTC,Information Technology,2,22,8,1,1,82.91981450464823,False
2016,MSFT,Information Technology,3,30,7,0,0,77.76721068518832,False
2016,TXN,Information Technology,4,31,7,0,0,77.52280451138051,False
2016,HPQ,Information Technology,5,15,7,2,2,77.10896239155613,False
2016,NEM,Materials,1,19,10,1,1,79.72972898654692,False
2016,FCX,Materials,2,9,10,3,3,72.15864138128089,True
2016,APD,Materials,3,16,7,1,1,65.78317594002337,False
2016,PPG,Materials,4,5,4,4,4,50.65739217109056,True
2016,AVY,Materials,5,13,4,2,2,47.21504737710884,False
2016,WY,Real Estate,1,14,9,2,2,83.1287680062832,False
2016,HST,Real Estate,2,9,8,3,3,48.35048101740587,True
2016,PLD,Real Estate,3,18,6,1,1,50.602336241518074,False
2016,MAC,Real Estate,4,11,4,2,2,41.02025635657033,False
2016,EQR,Real Estate,5,20,4,0,0,36.61529265201624,False
2016,PCG,Utilities,1,6,9,3,3,79.16920406480487,True
2016,PNW,Utilities,2,23,7,0,0,68.52431143732693,False
2016,WEC,Utilities,3,10,7,2,2,66.81741138212524,False
2016,DUK,Utilities,4,17,5,1,1,56.44161579070385,False
2016,EXC,Utilities,5,15,3,2,2,61.93176065757142,False
2017,DIS,Communication Services,1,1,10,8,8,63.680255170488614,True
2017,T,Communication Services,2,3,10,7,7,57.3776966598502,True
2017,VZ,Communication Services,3,7,9,5,5,66.62398999359766,True
2017,GOOGL,Communication Services,4,6,9,5,5,50.73765848585139,True
2017,OMC,Communication Services,5,8,7,4,4,40.992736184333744,True
2017,SBUX,Consumer Discretionary,1,15,9,1,1,78.8823788635394,False
2017,MCD,Consumer Discretionary,2,24,8,1,1,74.01715306032166,False
2017,F,Consumer Discretionary,3,13,8,1,1,72.93441215620341,False
2017,CCL,Consumer Discretionary,4,49,8,0,0,70.72109158303017,False
2017,HAS,Consumer Discretionary,5,22,3,1,1,59.44043386921263,False
2017,MDLZ,Consumer Staples,1,26,8,0,0,79.43719586984916,False
2017,PEP,Consumer Staples,2,29,8,0,0,77.40648792925822,False
2017,CPB,Consumer Staples,3,30,7,0,0,70.36231280260324,False
2017,KO,Consumer Staples,4,21,6,1,1,81.0659975818792,False
2017,WMT,Consumer Staples,5,23,6,1,1,76.67385836479227,False
2017,C,Financials,1,35,10,1,1,74.7828142500641,False
2017,STT,Financials,2,56,9,0,0,77.47177657267086,False
2017,ALL,Financials,3,29,7,1,1,70.55211159996466,False
2017,WFC,Financials,4,10,6,2,2,69.22000364986202,False
2017,JPM,Financials,5,45,6,0,0,64.57645760529226,False
2017,JNJ,Health Care,1,37,10,0,0,83.45514578805856,False
2017,BAX,Health Care,2,38,10,0,0,79.1516022458438,False
2017,CVS,Health Care,3,32,9,0,0,79.62405388467837,False
2017,A,Health Care,4,20,7,1,1,74.79090989943928,False
2017,MRK,Health Care,5,36,5,0,0,72.59015861983112,False
2017,MMM,Industrials,1,40,10,0,0,79.02172055747607,False
2017,JCI,Industrials,2,12,10,2,2,78.25880665613883,False
2017,WM,Industrials,3,24,6,1,1,68.60258533453964,False
2017,UPS,Industrials,4,48,6,0,0,64.68045024429338,False
2017,ETN,Industrials,5,38,4,0,0,64.6252711208312,False
2017,CSCO,Information Technology,1,38,10,0,0,82.45457064699097,False
2017,INTC,Information Technology,2,21,9,1,1,86.95767792623025,False
2017,MSFT,Information Technology,3,33,8,0,0,82.0331283739554,False
2017,TXN,Information Technology,4,27,7,0,0,79.70395450460936,False
2017,HPQ,Information Technology,5,15,6,2,2,77.98207888814642,False
2017,NEM,Materials,1,18,10,2,2,79.78411517112326,False
2017,FCX,Materials,2,3,10,4,4,76.85672803168765,True
2017,APD,Materials,3,7,8,3,3,67.08461149534816,True
2017,PPG,Materials,4,5,4,4,4,54.92381620166786,True
2017,AVY,Materials,5,16,4,2,2,53.25373982094864,False
2017,WY,Real Estate,1,14,10,2,2,83.02949445506474,False
2017,HST,Real Estate,2,8,8,3,3,51.621271487830214,True
2017,PLD,Real Estate,3,15,7,2,2,55.9133651599308,False
2017,MAC,Real Estate,4,9,4,2,2,42.8751161542202,False
2017,AVB,Real Estate,5,24,3,0,0,43.567160309853456,False
2017,PCG,Utilities,1,12,10,2,2,79.90218931874628,False
2017,PNW,Utilities,2,26,6,0,0,68.98614348883186,False
2017,WEC,Utilities,3,8,6,2,2,67.12323573441661,False
2017,DUK,Utilities,4,23,6,1,1,59.7686487860917,False
2017,ETR,Utilities,5,14,3,2,2,57.70060785064142,False
2018,DIS,Communication Services,1,3,10,7,7,64.31339599770445,True
2018,T,Communication Services,2,5,10,6,6,59.90089096126921,True
2018,VZ,Communication Services,3,8,9,4,4,66.56165052377467,True
2018,GOOGL,Communication Services,4,6,9,5,5,50.84898486501079,True
2018,OMC,Communication Services,5,7,8,4,4,44.05531472560728,True
2018,SBUX,Consumer Discretionary,1,15,8,1,1,79.50867432816636,False
2018,F,Consumer Discretionary,2,14,8,1,1,74.44506427076648,False
2018,CCL,Consumer Discretionary,3,51,7,0,0,73.55094932806922,False
2018,MCD,Consumer Discretionary,4,27,7,1,1,73.33414469273093,False
2018,HAS,Consumer Discretionary,5,24,4,1,1,64.79596838250386,False
2018,CPB,Consumer Staples,1,30,8,0,0,76.46996130265397,False
2018,MDLZ,Consumer Staples,2,26,7,0,0,78.7244511167377,False
2018,PEP,Consumer Staples,3,28,7,0,0,77.45710443905594,False
2018,WMT,Consumer Staples,4,12,6,2,2,76.4591318298279,False
2018,KO,Consumer Staples,5,29,5,0,0,79.74112649583778,False
2018,C,Financials,1,35,10,1,1,76.0476449219868,False
2018,STT,Financials,2,58,9,0,0,80.08806677780548,False
2018,ALL,Financials,3,26,8,1,1,72.733700098882,False
2018,JPM,Financials,4,40,7,0,0,68.9913106161978,False
2018,WFC,Financials,5,9,6,2,2,71.04846643801028,False
2018,JNJ,Health Care,1,36,10,0,0,85.60055830985678,False
2018,CVS,Health Care,2,41,10,0,0,85.28360282733033,False
2018,BAX,Health Care,3,38,10,0,0,79.70186707225523,False
2018,A,Health Care,4,28,6,0,0,76.3555604152148,False
2018,MRK,Health Care,5,48,5,0,0,73.92816376455265,False
2018,MMM,Industrials,1,35,10,0,0,81.09486617857655,False
2018,JCI,Industrials,2,13,10,2,2,80.69817470352675,False
2018,WM,Industrials,3,21,6,1,1,71.33230507099451,False
2018,UPS,Industrials,4,47,5,0,0,66.13489710471235,False
2018,CTAS,Industrials,5,14,3,1,1,65.69472464358546,False
2018,CSCO,Information Technology,1,43,10,0,0,82.6551256419444,False
2018,INTC,Information Technology,2,41,9,0,0,88.31413815287938,False
2018,MSFT,Information Technology,3,36,9,0,0,85.73706140005606,False
2018,TXN,Information Technology,4,30,8,0,0,82.91937909016211,False
2018,HPQ,Information Technology,5,15,5,2,2,76.78152217833338,False
2018,NEM,Materials,1,17,10,2,2,81.31788444890735,False
2018,FCX,Materials,2,6,10,3,3,80.27221980575374,True
2018,APD,Materials,3,18,9,1,1,70.9096031056696,False
2018,IFF,Materials,4,11,5,2,2,52.855155495163146,False
2018,AVY,Materials,5,8,4,3,3,59.262227342416814,True
2018,WY,Real Estate,1,14,10,2,2,83.79943500880512,False
2018,PLD,Real Estate,2,15,8,2,2,61.83464774223427,False
2018,HST,Real Estate,3,8,7,3,3,55.636434629028045,True
2018,AVB,Real Estate,4,27,4,0,0,49.48767569826326,False
2018,MAC,Real Estate,5,9,4,2,2,47.68033201629084,False
2018,PCG,Utilities,1,12,10,2,2,82.99783708847961,False
2018,DUK,Utilities,2,19,7,1,1,64.01290363352216,False
2018,PNW,Utilities,3,26,5,0,0,69.84963272717361,False
2018,WEC,Utilities,4,9,5,2,2,67.64833401113701,False
2018,D,Utilities,5,17,3,1,1,65.75569837457127,False
2019,VZ,Communication Services,1,9,10,4,4,68.80057886854621,True
2019,DIS,Communication Services,2,5,10,5,5,65.37268546932471,True
2019,T,Communication Services,3,10,10,2,2,62.015605543965805,False
2019,GOOGL,Communication Services,4,6,9,4,4,50.908259060298704,True
2019,OMC,Communication Services,5,8,7,4,4,45.12891739314438,True
2019,SBUX,Consumer Discretionary,1,14,8,1,1,82.21089064105544,False
2019,F,Consumer Discretionary,2,13,7,1,1,75.99654782526957,False
2019,CCL,Consumer Discretionary,3,49,6,0,0,76.03303871331755,False
2019,MCD,Consumer Discretionary,4,44,6,0,0,72.63767769609647,False
2019,HAS,Consumer Discretionary,5,42,5,0,0,70.93555251907428,False
2019,CPB,Consumer Staples,1,32,9,0,0,82.49556980065151,False
2019,PEP,Consumer Staples,2,28,7,0,0,78.46729888411423,False
2019,MDLZ,Consumer Staples,3,26,6,0,0,78.08095642350618,False
2019,KO,Consumer Staples,4,27,5,0,0,78.71573918282657,False
2019,WMT,Consumer Staples,5,20,5,1,1,77.14810097906306,False
2019,C,Financials,1,34,10,1,1,77.74053345327566,False
2019,STT,Financials,2,57,9,0,0,82.05747615895609,False
2019,ALL,Financials,3,28,8,1,1,75.72978646646138,False
2019,JPM,Financials,4,40,8,0,0,73.39711331697484,False
2019,WFC,Financials,5,33,6,1,1,72.79019942651385,False
2019,CVS,Health Care,1,43,10,0,0,86.31764490597693,False
2019,JNJ,Health Care,2,45,10,0,0,85.85026318203076,False
2019,BAX,Health Care,3,44,10,0,0,80.66769851923227,False
2019,A,Health Care,4,26,6,0,0,78.2398453858543,False
2019,MRK,Health Care,5,22,5,1,1,75.88170911583829,False
2019,MMM,Industrials,1,32,10,0,0,84.23774922343786,False
2019,JCI,Industrials,2,21,9,1,1,82.73446182215163,False
2019,WM,Industrials,3,40,6,0,0,73.92687355006223,False
2019,UPS,Industrials,4,50,5,0,0,68.56613531536016,False
2019,CMI,Industrials,5,3,4,3,3,66.33124606578522,True
2019,MSFT,Information Technology,1,33,10,0,0,89.81510208295681,False
2019,CSCO,Information Technology,2,44,10,0,0,83.74626424876803,False
2019,INTC,Information Technology,3,42,9,0,0,89.25338553144182,False
2019,TXN,Information Technology,4,31,9,0,0,85.47595932996981,False
2019,HPQ,Information Technology,5,24,4,1,1,75.40207717899649,False
2019,FCX,Materials,1,4,10,3,3,82.69504243118061,True
2019,NEM,Materials,2,20,10,1,1,81.82238314806322,False
2019,APD,Materials,3,15,9,2,2,73.52137204750312,False
2019,LIN,Materials,4,16,5,2,2,70.05731491043989,False
2019,IFF,Materials,5,13,5,2,2,58.81546151859625,False
2019,WY,Real Estate,1,21,10,1,1,83.85132939668512,False
2019,CBRE,Real Estate,2,2,10,4,4,78.59719384546626,True
2019,PLD,Real Estate,3,20,8,1,1,66.77668198854903,False
2019,HST,Real Estate,4,7,8,3,3,60.247143029344045,True
2019,AVB,Real Estate,5,29,4,0,0,54.71284374052148,False
2019,PCG,Utilities,1,25,10,1,1,85.06329240694016,False
2019,DUK,Utilities,2,17,8,1,1,69.61336804308911,False
2019,PNW,Utilities,3,26,5,0,0,70.66669181476553,False
2019,WEC,Utilities,4,12,4,1,1,67.39485912009063,False
2019,NRG,Utilities,5,7,4,3,3,57.88548450128883,True
2020,VZ,Communication Services,1,10,10,3,3,68.59190734868437,True
2020,DIS,Communication Services,2,6,10,5,5,65.18038169068807,True
2020,T,Communication Services,3,8,10,4,4,63.37809241226448,True
2020,GOOGL,Communication Services,4,9,9,3,3,50.77540753264389,True
2020,OMC,Communication Services,5,11,6,1,1,46.15664471166908,False
2020,SBUX,Consumer Discretionary,1,19,7,1,1,79.3110775062431,False
2020,F,Consumer Discretionary,2,53,7,0,0,76.57183342086833,False
2020,CCL,Consumer Discretionary,3,48,6,0,0,76.69045390953971,False
2020,HAS,Consumer Discretionary,4,36,6,0,0,74.06992104522536,False
2020,MCD,Consumer Discretionary,5,41,5,0,0,72.86954018611215,False
2020,CPB,Consumer Staples,1,30,10,0,0,84.95224916274559,False
2020,PEP,Consumer Staples,2,26,7,0,0,79.45152289128593,False
2020,TGT,Consumer Staples,3,18,6,1,1,78.00964785173174,False
2020,CL,Consumer Staples,4,32,5,0,0,78.4174763478268,False
2020,MDLZ,Consumer Staples,5,23,5,0,0,77.93492643387182,False
2020,C,Financials,1,27,10,1,1,79.25446461118258,False
2020,STT,Financials,2,56,9,0,0,83.104695251914,False
2020,ALL,Financials,3,20,9,1,1,78.61385591832806,False
2020,JPM,Financials,4,39,8,0,0,73.90274176413575,False
2020,WFC,Financials,5,31,5,1,1,73.54710767019746,False
2020,JNJ,Health Care,1,46,10,0,0,87.3767498502609,False
2020,BAX,Health Care,2,40,10,0,0,82.4765059599284,False
2020,CVS,Health Care,3,45,9,0,0,85.26188569263681,False
2020,A,Health Care,4,35,6,0,0,79.58781306263029,False
2020,MRK,Health Care,5,23,6,1,1,77.98577250834082,False
2020,MMM,Industrials,1,48,10,0,0,85.86861936064038,False
2020,JCI,Industrials,2,44,9,0,0,81.93080541464471,False
2020,WM,Industrials,3,38,7,0,0,76.44374491025069,False
2020,UPS,Industrials,4,50,4,0,0,69.74764649881322,False
2020,CMI,Industrials,5,9,4,2,2,69.51150224416847,False
2020,MSFT,Information Technology,1,36,10,0,0,90.67975860573183,False
2020,INTC,Information Technology,2,44,10,0,0,90.59601421824425,False
2020,CSCO,Information Technology,3,48,10,0,0,84.55833053050316,False
2020,TXN,Information Technology,4,37,8,0,0,85.57964177077795,False
2020,HPQ,Information Technology,5,29,3,1,1,74.67563539615335,False
2020,FCX,Materials,1,13,10,2,2,83.26818498467317,False
2020,NEM,Materials,2,21,10,1,1,82.712465793325,False
2020,APD,Materials,3,9,8,3,3,75.77767099224934,True
2020,LIN,Materials,4,12,6,2,2,72.61891923248922,False
2020,IFF,Materials,5,16,6,1,1,64.22309244234808,False
2020,WY,Real Estate,1,19,10,1,1,84.31824106436319,False
2020,CBRE,Real Estate,2,4,10,4,4,81.09808340175701,True
2020,PLD,Real Estate,3,8,9,2,2,71.3060101559041,False
2020,HST,Real Estate,4,6,8,3,3,64.03398464141169,True
2020,AVB,Real Estate,5,28,4,0,0,59.504402874228354,False
2020,DUK,Utilities,1,23,9,1,1,72.36588717917648,False
2020,NRG,Utilities,2,8,6,3,3,62.46579092163982,True
2020,D,Utilities,3,19,4,1,1,70.90893421728723,False
2020,XEL,Utilities,4,17,4,1,1,70.39979082344277,False
2020,PNW,Utilities,5,27,4,0,0,69.27738050163039,False
2021,DIS,Communication Services,1,5,10,5,5,65.03236482072343,True
2021,T,Communication Services,2,9,10,4,4,64.28979295998717,True
2021,VZ,Communication Services,3,10,9,2,2,67.7990606615638,False
2021,GOOGL,Communication Services,4,7,8,4,4,51.75469022762347,True
2021,LUMN,Communication Services,5,13,6,1,1,47.00466056033209,False
2021,F,Consumer Discretionary,1,52,7,0,0,76.54522570584999,False
2021,CCL,Consumer Discretionary,2,53,6,0,0,77.8388467275498,False
2021,SBUX,Consumer Discretionary,3,18,6,1,1,76.89505715030062,False
2021,HAS,Consumer Discretionary,4,43,6,0,0,76.73698934631156,False
2021,BBY,Consumer Discretionary,5,5,6,3,3,75.3887172643364,True
2021,CPB,Consumer Staples,1,21,10,1,1,85.79172237923873,False
2021,PEP,Consumer Staples,2,26,8,0,0,80.66142323286495,False
2021,TGT,Consumer Staples,3,13,7,2,2,79.32948385241363,False
2021,CL,Consumer Staples,4,28,5,0,0,79.0773494185429,False
2021,GIS,Consumer Staples,5,29,4,0,0,78.06771380788754,False
2021,C,Financials,1,29,10,1,1,80.4397208697386,False
2021,STT,Financials,2,52,9,0,0,83.73377964963439,False
2021,ALL,Financials,3,18,8,1,1,77.88272523840548,False
2021,JPM,Financials,4,37,7,0,0,74.618298858686,False
2021,WFC,Financials,5,30,5,1,1,74.67566823872929,False
2021,JNJ,Health Care,1,45,10,0,0,88.00704246665829,False
2021,BAX,Health Care,2,41,10,0,0,83.32193264361423,False
2021,CVS,Health Care,3,50,8,0,0,84.14942069318109,False
2021,A,Health Care,4,35,6,0,0,80.68149620061948,False
2021,MRK,Health Care,5,24,5,1,1,77.71180935871132,False
2021,MMM,Industrials,1,52,10,0,0,86.94324044777922,False
2021,JCI,Industrials,2,47,9,0,0,81.81312564268974,False
2021,WM,Industrials,3,41,8,0,0,79.26548141279588,False
2021,FDX,Industrials,4,23,4,1,1,71.38687024125589,False
2021,CMI,Industrials,5,25,4,1,1,70.9178996317735,False
2021,MSFT,Information Technology,1,32,10,0,0,91.4399092025516,False
2021,INTC,Information Technology,2,45,10,0,0,90.31058068312312,False
2021,CSCO,Information Technology,3,46,10,0,0,84.96803039105657,False
2021,TXN,Information Technology,4,36,8,0,0,85.62358220261211,False
2021,ADSK,Information Technology,5,34,3,0,0,76.17807093304148,False
2021,NEM,Materials,1,14,10,2,2,83.1535243458302,False
2021,FCX,Materials,2,13,10,2,2,83.07497058411617,False
2021,APD,Materials,3,8,9,3,3,78.64343493053569,True
2021,IFF,Materials,4,19,7,1,1,69.08592078514657,False
2021,LIN,Materials,5,12,6,2,2,73.27579247616679,False
2021,CBRE,Real Estate,1,7,10,3,3,82.34016319980046,True
2021,WY,Real Estate,2,16,9,1,1,83.70937427677048,False
2021,PLD,Real Estate,3,5,9,3,3,75.67511509356913,True
2021,HST,Real Estate,4,15,9,2,2,68.88038742012115,False
2021,AVB,Real Estate,5,27,5,0,0,64.47987317787766,False
2021,DUK,Utilities,1,13,9,2,2,73.75216768906961,False
2021,NRG,Utilities,2,5,7,3,3,66.2035017986143,True
2021,D,Utilities,3,17,5,1,1,73.17451824940358,False
2021,XEL,Utilities,4,10,4,2,2,70.70008739431964,False
2021,AWK,Utilities,5,2,4,5,4,66.47617460345879,True
2022,DIS,Communication Services,1,8,10,3,3,65.00256081003808,True
2022,T,Communication Services,2,9,10,3,3,64.56846634882484,True
2022,VZ,Communication Services,3,14,9,1,1,68.31494289765405,False
2022,GOOGL,Communication Services,4,7,9,3,3,55.27835772377843,True
2022,LUMN,Communication Services,5,12,6,2,2,50.75207527673805,False
2022,CCL,Consumer Discretionary,1,54,7,0,0,79.18164219426214,False
2022,F,Consumer Discretionary,2,31,7,1,1,77.0611301423689,False
2022,HAS,Consumer Discretionary,3,43,6,0,0,79.1405968171658,False
2022,BBY,Consumer Discretionary,4,4,6,3,3,76.4924339623845,True
2022,SBUX,Consumer Discretionary,5,24,5,1,1,75.1454373018257,False
2022,CPB,Consumer Staples,1,21,10,1,1,85.31772583653222,False
2022,PEP,Consumer Staples,2,24,8,0,0,81.03533798609898,False
2022,TGT,Consumer Staples,3,9,8,2,2,80.76578461975394,False
2022,CL,Consumer Staples,4,29,4,0,0,79.16396597455113,False
2022,GIS,Consumer Staples,5,28,4,0,0,78.28015811666185,False
2022,C,Financials,1,33,10,1,1,81.68788695419109,False
2022,STT,Financials,2,55,9,0,0,84.25440337923195,False
2022,ALL,Financials,3,23,7,1,1,77.50553172374374,False
2022,JPM,Financials,4,38,7,0,0,75.19965338379652,False
2022,WFC,Financials,5,34,4,1,1,73.72921053556362,False
2022,JNJ,Health Care,1,50,10,0,0,87.93886472345756,False
2022,BAX,Health Care,2,44,9,0,0,83.68626713030275,False
2022,CVS,Health Care,3,48,7,0,0,84.65677666066944,False
2022,A,Health Care,4,32,7,0,0,82.23217597960912,False
2022,HUM,Health Care,5,36,6,0,0,74.36456852803616,False
2022,MMM,Industrials,1,57,10,0,0,88.13278703066729,False
2022,JCI,Industrials,2,21,9,1,1,82.92581673500611,False
2022,WM,Industrials,3,35,8,0,0,80.71204920511043,False
2022,FDX,Industrials,4,23,5,1,1,73.0663091101025,False
2022,CMI,Industrials,5,24,4,1,1,72.04717283010969,False
2022,MSFT,Information Technology,1,33,10,0,0,91.88609450109928,False
2022,INTC,Information Technology,2,56,10,0,0,89.68338071160683,False
2022,CSCO,Information Technology,3,50,10,0,0,85.24367659279758,False
2022,TXN,Information Technology,4,38,8,0,0,86.50784721269163,False
2022,ADSK,Information Technology,5,36,3,0,0,77.2047180951019,False
2022,NEM,Materials,1,15,10,2,2,83.32249482617236,False
2022,FCX,Materials,2,7,10,3,3,82.81728162207507,True
2022,APD,Materials,3,8,8,3,3,79.31970725703904,True
2022,IFF,Materials,4,21,8,1,1,74.58713115330556,False
2022,LIN,Materials,5,20,6,1,1,73.79666046777115,False
2022,CBRE,Real Estate,1,4,10,4,4,83.69470211148925,True
2022,HST,Real Estate,2,15,10,2,2,75.1477492672094,False
2022,WY,Real Estate,3,12,9,2,2,82.76375287938853,False
2022,PLD,Real Estate,4,5,8,3,3,75.39166756698555,True
2022,AVB,Real Estate,5,26,5,0,0,68.33044742573193,False
2022,DUK,Utilities,1,20,8,1,1,73.12968378840732,False
2022,NRG,Utilities,2,5,7,3,3,69.18130567387323,True
2022,D,Utilities,3,21,6,1,1,74.68374728024722,False
2022,XEL,Utilities,4,12,5,2,2,72.58873068210264,False
2022,NEE,Utilities,5,1,4,5,4,70.92643556107365,True
2023,DIS,Communication Services,1,13,10,1,1,66.69248455809253,False
2023,T,Communication Services,2,8,10,3,3,65.53487301401725,True
2023,VZ,Communication Services,3,15,9,1,1,68.76907239054981,False
2023,GOOGL,Communication Services,4,9,9,2,2,58.340976055589884,False
2023,LUMN,Communication Services,5,12,6,2,2,54.44136025413529,False
2023,CCL,Consumer Discretionary,1,53,7,0,0,80.1292541070655,False
2023,HAS,Consumer Discretionary,2,41,6,0,0,80.47869563763612,False
2023,F,Consumer Discretionary,3,27,6,1,1,77.2612795389467,False
2023,BBY,Consumer Discretionary,4,4,6,3,3,76.98350690633295,True
2023,LOW,Consumer Discretionary,5,30,5,0,0,75.28385573490368,False
2023,CPB,Consumer Staples,1,14,9,2,2,85.15111561890018,False
2023,TGT,Consumer Staples,2,11,9,2,2,82.50311120549034,False
2023,PEP,Consumer Staples,3,26,8,0,0,81.30957294549042,False
2023,CL,Consumer Staples,4,32,5,0,0,80.20346543563672,False
2023,WMT,Consumer Staples,5,21,4,1,1,77.73219176281255,False
2023,STT,Financials,1,56,10,0,0,85.49250156488554,False
2023,C,Financials,2,64,10,0,0,82.31823948654558,False
2023,JPM,Financials,3,41,7,0,0,76.85024681892376,False
2023,ALL,Financials,4,25,6,1,1,77.17721899274103,False
2023,SPGI,Financials,5,11,4,1,1,75.9338829741484,False
2023,JNJ,Health Care,1,49,10,0,0,87.35822138689899,False
2023,BAX,Health Care,2,56,8,0,0,83.64201975444256,False
2023,A,Health Care,3,36,8,0,0,83.51990568762282,False
2023,HUM,Health Care,4,32,7,0,0,77.91326333402093,False
2023,CVS,Health Care,5,51,6,0,0,84.60125782473867,False
2023,MMM,Industrials,1,59,10,0,0,88.83580680963207,False
2023,WM,Industrials,2,33,9,0,0,82.56176683912938,False
2023,JCI,Industrials,3,24,8,1,1,82.3564600054849,False
2023,FDX,Industrials,4,28,5,1,1,73.91999573838117,False
2023,XYL,Industrials,5,40,5,0,0,69.25882159689391,False
2023,MSFT,Information Technology,1,32,10,0,0,91.96360202230149,False
2023,CSCO,Information Technology,2,54,10,0,0,85.73841382587594,False
2023,INTC,Information Technology,3,59,9,0,0,88.41860152261575,False
2023,TXN,Information Technology,4,37,7,0,0,85.9128630872829,False
2023,ADSK,Information Technology,5,39,4,0,0,79.0540639590178,False
2023,NEM,Materials,1,15,10,2,2,83.6019531983734,False
2023,FCX,Materials,2,6,10,3,3,82.31864979738098,True
2023,IFF,Materials,3,21,8,1,1,77.4237482766317,False
2023,APD,Materials,4,13,7,2,2,79.47386698783221,False
2023,LIN,Materials,5,18,5,1,1,75.08331854610307,False
2023,CBRE,Real Estate,1,4,10,3,3,84.32203437100223,True
2023,HST,Real Estate,2,7,10,3,3,77.13113382104284,True
2023,WY,Real Estate,3,25,8,0,0,82.17620716966005,False
2023,PLD,Real Estate,4,8,7,2,2,75.35140401601176,False
2023,AVB,Real Estate,5,30,5,0,0,73.24579988215459,False
2023,PCG,Utilities,1,7,9,3,3,83.96142597384255,True
2023,D,Utilities,2,23,7,1,1,75.71395533657633,False
2023,DUK,Utilities,3,28,7,0,0,72.8231744182257,False
2023,NRG,Utilities,4,11,6,2,2,71.90683201228266,False
2023,AWK,Utilities,5,3,4,4,4,71.1329626141765,True
2024,DIS,Communication Services,1,13,10,1,1,67.41211263458565,False
2024,T,Communication Services,2,10,10,3,3,66.14828619226435,True
2024,GOOGL,Communication Services,3,8,10,3,3,61.25905676874502,True
2024,VZ,Communication Services,4,14,9,1,1,68.42348353893622,False
2024,OMC,Communication Services,5,12,4,1,1,54.907382878765794,False
2024,CCL,Consumer Discretionary,1,26,8,1,1,80.79627649443778,False
2024,BBY,Consumer Discretionary,2,14,7,2,2,79.10572291206545,False
2024,HAS,Consumer Discretionary,3,46,6,0,0,81.45113157968284,False
2024,F,Consumer Discretionary,4,23,5,1,1,77.44837357847118,False
2024,LOW,Consumer Discretionary,5,29,4,0,0,75.46186744344203,False
2024,TGT,Consumer Staples,1,8,10,2,2,83.25709606427586,False
2024,CPB,Consumer Staples,2,15,8,2,2,84.26338641043068,False
2024,PEP,Consumer Staples,3,26,8,0,0,81.68230773555655,False
2024,CL,Consumer Staples,4,33,6,0,0,81.82364594616227,False
2024,BG,Consumer Staples,5,24,4,1,1,78.85932025595338,False
2024,C,Financials,1,65,10,0,0,83.20062848810865,False
2024,STT,Financials,2,61,9,0,0,85.37316671951268,False
2024,JPM,Financials,3,36,7,0,0,77.85849834039308,False
2024,SPGI,Financials,4,7,5,2,2,78.27236566255677,False
2024,ALL,Financials,5,20,5,1,1,76.48680484995175,False
2024,JNJ,Health Care,1,51,10,0,0,87.40206657462839,False
2024,A,Health Care,2,41,8,0,0,84.55108588874639,False
2024,BAX,Health Care,3,58,8,0,0,84.35967269405624,False
2024,HUM,Health Care,4,37,7,0,0,79.20471243910404,False
2024,CVS,Health Care,5,55,6,0,0,84.62168670034053,False
2024,MMM,Industrials,1,64,10,0,0,89.16483217702516,False
2024,WM,Industrials,2,37,9,0,0,83.49943938388896,False
2024,JCI,Industrials,3,27,7,1,1,81.0949091101087,False
2024,XYL,Industrials,4,44,6,0,0,72.87020967498867,False
2024,FDX,Industrials,5,24,5,1,1,74.74478042873882,False
2024,MSFT,Information Technology,1,32,10,0,0,92.00113375847259,False
2024,CSCO,Information Technology,2,55,10,0,0,86.0359330408737,False
2024,INTC,Information Technology,3,51,8,0,0,87.35504234592987,False
2024,TXN,Information Technology,4,43,6,0,0,84.40787298568085,False
2024,ADSK,Information Technology,5,38,4,0,0,80.38271440016725,False
2024,NEM,Materials,1,15,10,2,2,84.15323415777715,False
2024,FCX,Materials,2,6,9,3,3,82.33006299094637,True
2024,IFF,Materials,3,21,9,1,1,79.05920578708974,False
2024,APD,Materials,4,14,7,2,2,79.32726477546683,False
2024,LIN,Materials,5,19,5,1,1,76.9019313761946,False
2024,CBRE,Real Estate,1,9,10,2,2,85.37092492464863,False
2024,HST,Real Estate,2,7,10,3,3,79.5060288304802,True
2024,WY,Real Estate,3,25,8,0,0,81.89562717986732,False
2024,PLD,Real Estate,4,8,6,2,2,74.63836556091256,False
2024,VTR,Real Estate,5,27,6,0,0,73.3283644056899,False
2024,PCG,Utilities,1,5,9,4,4,84.32593904193631,True
2024,D,Utilities,2,30,8,0,0,77.07206922162553,False
2024,NRG,Utilities,3,6,6,3,3,74.99751428518326,True
2024,DUK,Utilities,4,28,6,0,0,72.56415158667765,False
2024,AWK,Utilities,5,2,5,4,4,72.37860593235263,True
2025,DIS,Communication Services,1,16,10,0,0,68.29081018323636,False
2025,T,Communication Services,2,7,10,4,4,67.22381369280535,True
2025,GOOGL,Communication Services,3,8,10,3,3,64.19806314767109,True
2025,VZ,Communication Services,4,13,8,1,1,68.04906315220576,False
2025,OMC,Communication Services,5,12,5,1,1,58.21057164640865,False
2025,CCL,Consumer Discretionary,1,26,8,1,1,81.01654030067175,False
2025,BBY,Consumer Discretionary,2,14,7,2,2,80.37057211466575,False
2025,HAS,Consumer Discretionary,3,46,6,0,0,81.91195276629075,False
2025,F,Consumer Discretionary,4,23,4,1,1,78.02131495746173,False
2025,LOW,Consumer Discretionary,5,18,4,1,1,76.68527224791823,False
2025,TGT,Consumer Staples,1,8,10,2,2,83.88439596499367,False
2025,PEP,Consumer Staples,2,27,8,0,0,82.81312480476608,False
2025,CL,Consumer Staples,3,30,7,0,0,83.2377841600065,False
2025,CPB,Consumer Staples,4,17,7,2,2,83.1019243236479,False
2025,BG,Consumer Staples,5,24,4,1,1,78.48556032797116,False
2025,C,Financials,1,62,10,0,0,84.52704225665127,False
2025,STT,Financials,2,65,8,0,0,84.01290592064832,False
2025,SPGI,Financials,3,12,6,1,1,80.5894195549124,False
2025,JPM,Financials,4,35,6,0,0,77.96580382139395,False
2025,BAC,Financials,5,46,4,0,0,76.54094499571107,False
2025,JNJ,Health Care,1,49,10,0,0,87.9200930799368,False
2025,A,Health Care,2,35,9,0,0,85.08368123788499,False
2025,BAX,Health Care,3,56,7,0,0,84.4959751877825,False
2025,HUM,Health Care,4,45,7,0,0,80.34376067426929,False
2025,CVS,Health Care,5,57,6,0,0,84.3206953282093,False
2025,MMM,Industrials,1,63,10,0,0,89.65261472117307,False
2025,WM,Industrials,2,37,9,0,0,84.25836001976518,False
2025,JCI,Industrials,3,26,6,1,1,80.55776855296912,False
2025,XYL,Industrials,4,47,6,0,0,76.12746062002213,False
2025,FDX,Industrials,5,27,5,1,1,75.62046510631387,False
2025,MSFT,Information Technology,1,33,10,0,0,92.10866330433319,False
2025,CSCO,Information Technology,2,60,10,0,0,86.16574663772268,False
2025,INTC,Information Technology,3,66,8,0,0,86.69691697672924,False
2025,TXN,Information Technology,4,47,5,0,0,82.74033605207974,False
2025,ADSK,Information Technology,5,40,4,0,0,80.87860216406497,False
2025,NEM,Materials,1,13,10,2,2,84.7194226860049,False
2025,SW,Materials,2,2,8,4,4,80.7570816217677,True
2025,FCX,Materials,3,4,7,3,3,82.08623134987596,True
2025,APD,Materials,4,19,6,1,1,79.09007744494278,False
2025,IFF,Materials,5,22,5,1,1,79.40371847225813,False
2025,CBRE,Real Estate,1,5,10,3,3,85.94637688388839,True
2025,DOC,Real Estate,2,22,8,1,1,79.93691911269373,False
2025,HST,Real Estate,3,8,7,3,3,81.27945338356513,True
2025,WY,Real Estate,4,27,6,0,0,81.56557013787817,False
2025,VTR,Real Estate,5,28,6,0,0,77.40594842400387,False
2025,PCG,Utilities,1,8,9,3,3,84.28478334479902,True
2025,D,Utilities,2,31,9,0,0,78.24247812044847,False
2025,AWK,Utilities,3,3,6,4,4,73.23695804710898,True
2025,XEL,Utilities,4,12,5,2,2,75.99882102020635,False
2025,NRG,Utilities,5,2,5,4,4,73.74214659263973,True
2026,T,Communication Services,1,12,10,3,3,68.42930609037415,True
2026,GOOGL,Communication Services,2,9,10,3,3,67.67634626409271,True
2026,VZ,Communication Services,3,19,8,0,0,68.07123320755399,False
2026,DIS,Communication Services,4,20,7,0,0,69.30975232342091,False
2026,OMC,Communication Services,5,16,4,1,1,60.36051748732814,False
2026,CCL,Consumer Discretionary,1,31,8,1,1,81.69447504727587,False
2026,BBY,Consumer Discretionary,2,13,8,2,2,81.1698557375485,False
2026,HAS,Consumer Discretionary,3,43,7,0,0,82.88081461931175,False
2026,F,Consumer Discretionary,4,28,4,1,1,78.48713318741555,False
2026,GM,Consumer Discretionary,5,25,4,1,1,77.89362065089348,False
2026,TGT,Consumer Staples,1,7,10,2,2,83.9905648746768,False
2026,CL,Consumer Staples,2,31,8,0,0,84.08287191367017,False
2026,PEP,Consumer Staples,3,29,8,0,0,83.0791139181553,False
2026,CPB,Consumer Staples,4,15,6,2,2,81.41925525524576,False
2026,BG,Consumer Staples,5,21,4,1,1,78.71446329232364,False
2026,C,Financials,1,24,10,1,1,85.19599122200668,False
2026,SPGI,Financials,2,36,7,0,0,83.07991731480261,False
2026,STT,Financials,3,57,7,0,0,82.90479746849833,False
2026,BAC,Financials,4,42,5,0,0,78.56756181802712,False
2026,JPM,Financials,5,35,5,0,0,78.10245120289103,False
2026,JNJ,Health Care,1,44,10,0,0,87.52830123504997,False
2026,A,Health Care,2,34,8,0,0,85.45997510676804,False
2026,HUM,Health Care,3,49,7,0,0,81.64016865957265,False
2026,BAX,Health Care,4,57,6,0,0,84.31746336388497,False
2026,CVS,Health Care,5,25,5,1,1,82.81202535561887,False
2026,MMM,Industrials,1,61,10,0,0,89.67996949871608,False
2026,WM,Industrials,2,38,10,0,0,85.79377834835377,False
2026,XYL,Industrials,3,42,7,0,0,78.10986032600641,False
2026,JCI,Industrials,4,10,6,2,2,80.3110335585366,False
2026,FDX,Industrials,5,28,5,1,1,75.71546329184274,False
2026,MSFT,Information Technology,1,34,10,0,0,91.64202627381978,False
2026,CSCO,Information Technology,2,55,9,0,0,85.53890510047066,False
2026,INTC,Information Technology,3,60,8,0,0,86.39397650864956,False
2026,ACN,Information Technology,4,56,4,0,0,82.03420945880265,False
2026,ADSK,Information Technology,5,44,4,0,0,80.86113101872976,False
2026,CRH,Materials,1,3,10,4,4,85.99191326558501,True
2026,NEM,Materials,2,6,10,3,3,85.15268293416145,True
2026,FCX,Materials,3,5,6,3,3,81.64654059997397,True
2026,LIN,Materials,4,16,6,1,1,80.51798155729044,False
2026,SW,Materials,5,11,5,3,3,80.08756399479978,True
2026,CBRE,Real Estate,1,3,9,4,4,85.48224619495761,True
2026,DOC,Real Estate,2,21,8,1,1,80.86542746751641,False
2026,HST,Real Estate,3,8,7,3,3,82.37147743248872,True
2026,VTR,Real Estate,4,19,7,1,1,80.42133210838333,False
2026,WY,Real Estate,5,27,5,0,0,80.6450515375185,False
2026,D,Utilities,1,31,9,0,0,79.08540327942876,False
2026,PCG,Utilities,2,10,8,3,3,82.67736291318165,True
2026,AWK,Utilities,3,9,6,3,3,73.90658765613651,True
2026,XEL,Utilities,4,11,5,2,2,76.19904521367826,False
2026,NRG,Utilities,5,1,5,5,5,72.48960193381846,True
