date,regime
2020-08-04,neutral
2020-08-05,neutral
2020-08-06,neutral
2020-08-07,neutral
2020-08-10,neutral
2020-08-11,neutral
2020-08-12,neutral
2020-08-13,neutral
2020-08-14,neutral
2020-08-17,neutral
2020-08-18,neutral
2020-08-19,neutral
2020-08-20,neutral
2020-08-21,neutral
2020-08-24,neutral
2020-08-25,neutral
2020-08-26,neutral
2020-08-27,neutral
2020-08-28,neutral
2020-08-31,neutral
2020-09-01,neutral
2020-09-02,neutral
2020-09-03,neutral
2020-09-04,bear
2020-09-08,bear
2020-09-09,bear
2020-09-10,bear
2020-09-11,bear
2020-09-14,bear
2020-09-15,bear
2020-09-16,bear
2020-09-17,bear
2020-09-18,bear
2020-09-21,bear
2020-09-22,bear
2020-09-23,bear
2020-09-24,bear
2020-09-25,bear
2020-09-28,bear
2020-09-29,bear
2020-09-30,bear
2020-10-01,bear
2020-10-02,bear
2020-10-05,bear
2020-10-06,bear
2020-10-07,bear
2020-10-08,bear
2020-10-09,bear
2020-10-12,bear
2020-10-13,bear
2020-10-14,bear
2020-10-15,bear
2020-10-16,bear
2020-10-19,bear
2020-10-20,bear
2020-10-21,bear
2020-10-22,bear
2020-10-23,neutral
2020-10-26,neutral
2020-10-27,bear
2020-10-28,bear
2020-10-29,bear
2020-10-30,bear
2020-11-02,bear
2020-11-03,bear
2020-11-04,bear
2020-11-05,bear
2020-11-06,bear
2020-11-09,bear
2020-11-10,bear
2020-11-11,bear
2020-11-12,bear
2020-11-13,bear
2020-11-16,bear
2020-11-17,bear
2020-11-18,bear
2020-11-19,bear
2020-11-20,bear
2020-11-23,bear
2020-11-24,bear
2020-11-25,bear
2020-11-27,bear
2020-11-30,neutral
2020-12-01,neutral
2020-12-02,neutral
2020-12-03,neutral
2020-12-04,neutral
2020-12-07,neutral
2020-12-08,neutral
2020-12-09,neutral
2020-12-10,neutral
2020-12-11,neutral
2020-12-14,neutral
2020-12-15,neutral
2020-12-16,neutral
2020-12-17,neutral
2020-12-18,neutral
2020-12-21,neutral
2020-12-22,neutral
2020-12-23,neutral
2020-12-24,neutral
2020-12-28,neutral
2020-12-29,neutral
2020-12-30,neutral
2020-12-31,neutral
2021-01-04,neutral
2021-01-05,neutral
2021-01-06,neutral
2021-01-07,neutral
2021-01-08,neutral
2021-01-11,neutral
2021-01-12,neutral
2021-01-13,neutral
2021-01-14,neutral
2021-01-15,neutral
2021-01-19,neutral
2021-01-20,neutral
2021-01-21,neutral
2021-01-22,neutral
2021-01-25,neutral
2021-01-26,neutral
2021-01-27,neutral
2021-01-28,bear
2021-01-29,bear
2021-02-01,bear
2021-02-02,bear
2021-02-03,bear
2021-02-04,bear
2021-02-05,bear
2021-02-08,bear
2021-02-09,bear
2021-02-10,bear
2021-02-11,bear
2021-02-12,bear
2021-02-16,bear
2021-02-17,bear
2021-02-18,bear
2021-02-19,bear
2021-02-22,bear
2021-02-23,bear
2021-02-24,bear
2021-02-25,bear
2021-02-26,bear
2021-03-01,bear
2021-03-02,bear
2021-03-03,bear
2021-03-04,bear
2021-03-05,bear
2021-03-08,bear
2021-03-09,bear
2021-03-10,bear
2021-03-11,bear
2021-03-12,bear
2021-03-15,bear
2021-03-16,bear
2021-03-17,bear
2021-03-18,bear
2021-03-19,bear
2021-03-22,bear
2021-03-23,bear
2021-03-24,bear
2021-03-25,bear
2021-03-26,bear
2021-03-29,bear
2021-03-30,bear
2021-03-31,bear
2021-04-01,bear
2021-04-05,bear
2021-04-06,neutral
2021-04-07,neutral
2021-04-08,neutral
2021-04-09,neutral
2021-04-12,neutral
2021-04-13,neutral
2021-04-14,neutral
2021-04-15,neutral
2021-04-16,neutral
2021-04-19,neutral
2021-04-20,neutral
2021-04-21,neutral
2021-04-22,neutral
2021-04-23,neutral
2021-04-26,neutral
2021-04-27,neutral
2021-04-28,neutral
2021-04-29,neutral
2021-04-30,neutral
2021-05-03,bull
2021-05-04,bull
2021-05-05,bull
2021-05-06,bull
2021-05-07,bull
2021-05-10,bull
2021-05-11,bull
2021-05-12,bull
2021-05-13,bear
2021-05-14,bear
2021-05-17,bear
2021-05-18,bear
2021-05-19,bear
2021-05-20,bear
2021-05-21,bear
2021-05-24,bear
2021-05-25,bear
2021-05-26,bear
2021-05-27,bear
2021-05-28,bear
2021-06-01,bear
2021-06-02,bear
2021-06-03,bear
2021-06-04,bear
2021-06-07,bear
2021-06-08,bear
2021-06-09,bear
2021-06-10,bear
2021-06-11,bull
2021-06-14,bull
2021-06-15,bull
2021-06-16,bull
2021-06-17,bull
2021-06-18,bull
2021-06-21,bull
2021-06-22,bull
2021-06-23,bull
2021-06-24,bull
2021-06-25,bull
2021-06-28,bull
2021-06-29,bull
2021-06-30,bull
2021-07-01,bull
2021-07-02,bull
2021-07-06,bull
2021-07-07,bull
2021-07-08,bull
2021-07-09,bull
2021-07-12,bull
2021-07-13,bull
2021-07-14,bull
2021-07-15,bull
2021-07-16,bull
2021-07-19,bull
2021-07-20,bull
2021-07-21,bull
2021-07-22,bull
2021-07-23,bull
2021-07-26,bull
2021-07-27,bull
2021-07-28,bull
2021-07-29,bull
2021-07-30,bull
2021-08-02,bull
2021-08-03,bull
2021-08-04,bull
2021-08-05,bull
2021-08-06,bull
2021-08-09,bull
2021-08-10,bull
2021-08-11,bull
2021-08-12,bull
2021-08-13,bull
2021-08-16,bull
2021-08-17,bull
2021-08-18,bull
2021-08-19,bull
2021-08-20,bull
2021-08-23,bull
2021-08-24,bull
2021-08-25,bull
2021-08-26,bull
2021-08-27,bull
2021-08-30,bull
2021-08-31,bull
2021-09-01,bull
2021-09-02,bull
2021-09-03,bull
2021-09-07,bull
2021-09-08,bull
2021-09-09,bull
2021-09-10,bull
2021-09-13,bull
2021-09-14,bull
2021-09-15,bear
2021-09-16,bear
2021-09-17,bear
2021-09-20,bear
2021-09-21,bear
2021-09-22,bear
2021-09-23,bear
2021-09-24,bear
2021-09-27,bear
2021-09-28,bear
2021-09-29,bear
2021-09-30,bear
2021-10-01,bear
2021-10-04,bear
2021-10-05,bear
2021-10-06,bear
2021-10-07,bear
2021-10-08,bear
2021-10-11,bear
2021-10-12,bear
2021-10-13,bear
2021-10-14,bear
2021-10-15,bear
2021-10-18,bear
2021-10-19,bear
2021-10-20,bear
2021-10-21,bear
2021-10-22,bear
2021-10-25,bear
2021-10-26,bear
2021-10-27,bear
2021-10-28,bear
2021-10-29,bear
2021-11-01,neutral
2021-11-02,neutral
2021-11-03,neutral
2021-11-04,neutral
2021-11-05,neutral
2021-11-08,neutral
2021-11-09,neutral
2021-11-10,neutral
2021-11-11,neutral
2021-11-12,neutral
2021-11-15,neutral
2021-11-16,neutral
2021-11-17,neutral
2021-11-18,bull
2021-11-19,bull
2021-11-22,bull
2021-11-23,bull
2021-11-24,bull
2021-11-26,bull
2021-11-29,bear
2021-11-30,bear
2021-12-01,bear
2021-12-02,bear
2021-12-03,bear
2021-12-06,bear
2021-12-07,bear
2021-12-08,bear
2021-12-09,bear
2021-12-10,bear
2021-12-13,bear
2021-12-14,bear
2021-12-15,bear
2021-12-16,bear
2021-12-17,bear
2021-12-20,bear
2021-12-21,bear
2021-12-22,bear
2021-12-23,bear
2021-12-27,bear
2021-12-28,bear
2021-12-29,bear
2021-12-30,bear
2021-12-31,bear
2022-01-03,bear
2022-01-04,bear
2022-01-05,bear
2022-01-06,bear
2022-01-07,bear
2022-01-10,bear
2022-01-11,bear
2022-01-12,bear
2022-01-13,bear
2022-01-14,bear
2022-01-18,bear
2022-01-19,bear
2022-01-20,bear
2022-01-21,bear
2022-01-24,bear
2022-01-25,bear
2022-01-26,bear
2022-01-27,bear
2022-01-28,bear
2022-01-31,bear
2022-02-01,bear
2022-02-02,bear
2022-02-03,bear
2022-02-04,bear
2022-02-07,bear
2022-02-08,bear
2022-02-09,bear
2022-02-10,bear
2022-02-11,bear
2022-02-14,bear
2022-02-15,bear
2022-02-16,bear
2022-02-17,bear
2022-02-18,bear
2022-02-22,bear
2022-02-23,bear
2022-02-24,bear
2022-02-25,bear
2022-02-28,bear
2022-03-01,bear
2022-03-02,bear
2022-03-03,bear
2022-03-04,bear
2022-03-07,bear
2022-03-08,bear
2022-03-09,bear
2022-03-10,bear
2022-03-11,bear
2022-03-14,bear
2022-03-15,bear
2022-03-16,bear
2022-03-17,bear
2022-03-18,bear
2022-03-21,bear
2022-03-22,bear
2022-03-23,bear
2022-03-24,bear
2022-03-25,bear
2022-03-28,bear
2022-03-29,bear
2022-03-30,bear
2022-03-31,bear
2022-04-01,bear
2022-04-04,bear
2022-04-05,bear
2022-04-06,bear
2022-04-07,bear
2022-04-08,bear
2022-04-11,bear
2022-04-12,bear
2022-04-13,bear
2022-04-14,bear
2022-04-18,bear
2022-04-19,bear
2022-04-20,bear
2022-04-21,bear
2022-04-22,bear
2022-04-25,bear
2022-04-26,bear
2022-04-27,bear
2022-04-28,bear
2022-04-29,bear
2022-05-02,bear
2022-05-03,bear
2022-05-04,bear
2022-05-05,bear
2022-05-06,bear
2022-05-09,bear
2022-05-10,bear
2022-05-11,bear
2022-05-12,bear
2022-05-13,bear
2022-05-16,bear
2022-05-17,bear
2022-05-18,bear
2022-05-19,bear
2022-05-20,bear
2022-05-23,bear
2022-05-24,bear
2022-05-25,bear
2022-05-26,bear
2022-05-27,bear
2022-05-31,bear
2022-06-01,bear
2022-06-02,bear
2022-06-03,bear
2022-06-06,bear
2022-06-07,bear
2022-06-08,bear
2022-06-09,bear
2022-06-10,bear
2022-06-13,bear
2022-06-14,bear
2022-06-15,bear
2022-06-16,bear
2022-06-17,bear
2022-06-21,bear
2022-06-22,bear
2022-06-23,bear
2022-06-24,bear
2022-06-27,bear
2022-06-28,bear
2022-06-29,bear
2022-06-30,bear
2022-07-01,bear
2022-07-05,bear
2022-07-06,bear
2022-07-07,bear
2022-07-08,bear
2022-07-11,bear
2022-07-12,bear
2022-07-13,bear
2022-07-14,bear
2022-07-15,bear
2022-07-18,bear
2022-07-19,bear
2022-07-20,bear
2022-07-21,bear
2022-07-22,bear
2022-07-25,bear
2022-07-26,bear
2022-07-27,bear
2022-07-28,bear
2022-07-29,bear
2022-08-01,bear
2022-08-02,bear
2022-08-03,bear
2022-08-04,bear
2022-08-05,bear
2022-08-08,bear
2022-08-09,bear
2022-08-10,bear
2022-08-11,bear
2022-08-12,bear
2022-08-15,bear
2022-08-16,bear
2022-08-17,bear
2022-08-18,bear
2022-08-19,bear
2022-08-22,bear
2022-08-23,bear
2022-08-24,bear
2022-08-25,bear
2022-08-26,bear
2022-08-29,bear
2022-08-30,bear
2022-08-31,bear
2022-09-01,bear
2022-09-02,bear
2022-09-06,bear
2022-09-07,bear
2022-09-08,bear
2022-09-09,bear
2022-09-12,bear
2022-09-13,bear
2022-09-14,bear
2022-09-15,bear
2022-09-16,bear
2022-09-19,bear
2022-09-20,bear
2022-09-21,bear
2022-09-22,bear
2022-09-23,bear
2022-09-26,bear
2022-09-27,bear
2022-09-28,bear
2022-09-29,bear
2022-09-30,bear
2022-10-03,bear
2022-10-04,bear
2022-10-05,bear
2022-10-06,bear
2022-10-07,bear
2022-10-10,bear
2022-10-11,bear
2022-10-12,bear
2022-10-13,bear
2022-10-14,bear
2022-10-17,bear
2022-10-18,bear
2022-10-19,bear
2022-10-20,bear
2022-10-21,bear
2022-10-24,bear
2022-10-25,bear
2022-10-26,bear
2022-10-27,bear
2022-10-28,bear
2022-10-31,bear
2022-11-01,bear
2022-11-02,bear
2022-11-03,bear
2022-11-04,bear
2022-11-07,bear
2022-11-08,bear
2022-11-09,bear
2022-11-10,bear
2022-11-11,bear
2022-11-14,bear
2022-11-15,bear
2022-11-16,bear
2022-11-17,bear
2022-11-18,bear
2022-11-21,bear
2022-11-22,bear
2022-11-23,bear
2022-11-25,bear
2022-11-28,bear
2022-11-29,bear
2022-11-30,bear
2022-12-01,bear
2022-12-02,bear
2022-12-05,bear
2022-12-06,bear
2022-12-07,bear
2022-12-08,bear
2022-12-09,bear
2022-12-12,bear
2022-12-13,bear
2022-12-14,bear
2022-12-15,bear
2022-12-16,bear
2022-12-19,bear
2022-12-20,bear
2022-12-21,bear
2022-12-22,bear
2022-12-23,bear
2022-12-27,bear
2022-12-28,bear
2022-12-29,bear
2022-12-30,bear
2023-01-03,bear
2023-01-04,bear
2023-01-05,bear
2023-01-06,bear
2023-01-09,bear
2023-01-10,bear
2023-01-11,bear
2023-01-12,bear
2023-01-13,bear
2023-01-17,bear
2023-01-18,bear
2023-01-19,bear
2023-01-20,bear
2023-01-23,bear
2023-01-24,bear
2023-01-25,bear
2023-01-26,bear
2023-01-27,bear
2023-01-30,bear
2023-01-31,bear
2023-02-01,bear
2023-02-02,bear
2023-02-03,bear
2023-02-06,neutral
2023-02-07,neutral
2023-02-08,neutral
2023-02-09,neutral
2023-02-10,neutral
2023-02-13,neutral
2023-02-14,neutral
2023-02-15,neutral
2023-02-16,neutral
2023-02-17,neutral
2023-02-21,neutral
2023-02-22,neutral
2023-02-23,neutral
2023-02-24,neutral
2023-02-27,neutral
2023-02-28,neutral
2023-03-01,neutral
2023-03-02,neutral
2023-03-03,neutral
2023-03-06,neutral
2023-03-07,neutral
2023-03-08,neutral
2023-03-09,neutral
2023-03-10,neutral
2023-03-13,neutral
2023-03-14,neutral
2023-03-15,bear
2023-03-16,neutral
2023-03-17,neutral
2023-03-20,neutral
2023-03-21,neutral
2023-03-22,neutral
2023-03-23,neutral
2023-03-24,neutral
2023-03-27,neutral
2023-03-28,neutral
2023-03-29,neutral
2023-03-30,neutral
2023-03-31,neutral
2023-04-03,neutral
2023-04-04,neutral
2023-04-05,neutral
2023-04-06,neutral
2023-04-10,neutral
2023-04-11,neutral
2023-04-12,neutral
2023-04-13,neutral
2023-04-14,bull
2023-04-17,bull
2023-04-18,bull
2023-04-19,bull
2023-04-20,bull
2023-04-21,bull
2023-04-24,bull
2023-04-25,bull
2023-04-26,bull
2023-04-27,bull
2023-04-28,bull
2023-05-01,bull
2023-05-02,bull
2023-05-03,bull
2023-05-04,bull
2023-05-05,bull
2023-05-08,bull
2023-05-09,bull
2023-05-10,bull
2023-05-11,bull
2023-05-12,bull
2023-05-15,bull
2023-05-16,bull
2023-05-17,bull
2023-05-18,bull
2023-05-19,bull
2023-05-22,bull
2023-05-23,bull
2023-05-24,bull
2023-05-25,bull
2023-05-26,bull
2023-05-30,bull
2023-05-31,bull
2023-06-01,bull
2023-06-02,bull
2023-06-05,bull
2023-06-06,bull
2023-06-07,bull
2023-06-08,bull
2023-06-09,bull
2023-06-12,bull
2023-06-13,bull
2023-06-14,bull
2023-06-15,bull
2023-06-16,bull
2023-06-20,bull
2023-06-21,bull
2023-06-22,bull
2023-06-23,bull
2023-06-26,bull
2023-06-27,bull
2023-06-28,bull
2023-06-29,bull
2023-06-30,bull
2023-07-03,bull
2023-07-05,bull
2023-07-06,bull
2023-07-07,bull
2023-07-10,bull
2023-07-11,bull
2023-07-12,bull
2023-07-13,bull
2023-07-14,bull
2023-07-17,bull
2023-07-18,bull
2023-07-19,bull
2023-07-20,bull
2023-07-21,bull
2023-07-24,bull
2023-07-25,bull
2023-07-26,bull
2023-07-27,bull
2023-07-28,bull
2023-07-31,bull
2023-08-01,bull
2023-08-02,bull
2023-08-03,bull
2023-08-04,bull
2023-08-07,bull
2023-08-08,bull
2023-08-09,bull
2023-08-10,bull
2023-08-11,bull
2023-08-14,bull
2023-08-15,bull
2023-08-16,bull
2023-08-17,bull
2023-08-18,bull
2023-08-21,bull
2023-08-22,bull
2023-08-23,bull
2023-08-24,bull
2023-08-25,bull
2023-08-28,bull
2023-08-29,bull
2023-08-30,bull
2023-08-31,bull
2023-09-01,bull
2023-09-05,bull
2023-09-06,bull
2023-09-07,bull
2023-09-08,bull
2023-09-11,bull
2023-09-12,bull
2023-09-13,bull
2023-09-14,bull
2023-09-15,bull
2023-09-18,bull
2023-09-19,bull
2023-09-20,bull
2023-09-21,bull
2023-09-22,bull
2023-09-25,bull
2023-09-26,bull
2023-09-27,bull
2023-09-28,bull
2023-09-29,bull
2023-10-02,bull
2023-10-03,bull
2023-10-04,neutral
2023-10-05,neutral
2023-10-06,bull
2023-10-09,bull
2023-10-10,bull
2023-10-11,bull
2023-10-12,bull
2023-10-13,bull
2023-10-16,bull
2023-10-17,bull
2023-10-18,bull
2023-10-19,neutral
2023-10-20,neutral
2023-10-23,neutral
2023-10-24,neutral
2023-10-25,neutral
2023-10-26,bear
2023-10-27,bear
2023-10-30,bear
2023-10-31,bear
2023-11-01,neutral
2023-11-02,neutral
2023-11-03,neutral
2023-11-06,neutral
2023-11-07,neutral
2023-11-08,neutral
2023-11-09,neutral
2023-11-10,neutral
2023-11-13,neutral
2023-11-14,neutral
2023-11-15,neutral
2023-11-16,neutral
2023-11-17,neutral
2023-11-20,neutral
2023-11-21,bull
2023-11-22,bull
2023-11-24,bull
2023-11-27,bull
2023-11-28,bull
2023-11-29,bull
2023-11-30,bull
2023-12-01,bull
2023-12-04,bull
2023-12-05,bull
2023-12-06,bull
2023-12-07,bull
2023-12-08,bull
2023-12-11,bull
2023-12-12,bull
2023-12-13,bull
2023-12-14,bull
2023-12-15,bull
2023-12-18,bull
2023-12-19,bull
2023-12-20,bull
2023-12-21,bull
2023-12-22,bull
2023-12-26,bull
2023-12-27,bull
2023-12-28,bull
2023-12-29,bull
2024-01-02,bull
2024-01-03,bull
2024-01-04,bull
2024-01-05,bull
2024-01-08,bull
2024-01-09,bull
2024-01-10,bull
2024-01-11,bull
2024-01-12,bull
2024-01-16,bull
2024-01-17,bull
2024-01-18,bull
2024-01-19,bull
2024-01-22,bull
2024-01-23,bull
2024-01-24,bull
2024-01-25,bull
2024-01-26,bull
2024-01-29,bull
2024-01-30,bull
2024-01-31,bull
2024-02-01,bull
2024-02-02,bull
2024-02-05,bull
2024-02-06,bull
2024-02-07,bull
2024-02-08,bull
2024-02-09,bull
2024-02-12,bull
2024-02-13,bull
2024-02-14,bull
2024-02-15,bull
2024-02-16,bull
2024-02-20,bull
2024-02-21,bull
2024-02-22,bull
2024-02-23,bull
2024-02-26,bull
2024-02-27,neutral
2024-02-28,neutral
2024-02-29,neutral
2024-03-01,bull
2024-03-04,bull
2024-03-05,bull
2024-03-06,bull
2024-03-07,bull
2024-03-08,bull
2024-03-11,bull
2024-03-12,bull
2024-03-13,bull
2024-03-14,bull
2024-03-15,bull
2024-03-18,bull
2024-03-19,bull
2024-03-20,bull
2024-03-21,bull
2024-03-22,bull
2024-03-25,bull
2024-03-26,bull
2024-03-27,bull
2024-03-28,bull
2024-04-01,bull
2024-04-02,bull
2024-04-03,bull
2024-04-04,bull
2024-04-05,bull
2024-04-08,bull
2024-04-09,bull
2024-04-10,bull
2024-04-11,bull
2024-04-12,bull
2024-04-15,bull
2024-04-16,bull
2024-04-17,bull
2024-04-18,bull
2024-04-19,neutral
2024-04-22,neutral
2024-04-23,neutral
2024-04-24,neutral
2024-04-25,neutral
2024-04-26,neutral
2024-04-29,neutral
2024-04-30,neutral
2024-05-01,neutral
2024-05-02,neutral
2024-05-03,neutral
2024-05-06,neutral
2024-05-07,neutral
2024-05-08,neutral
2024-05-09,neutral
2024-05-10,neutral
2024-05-13,neutral
2024-05-14,bull
2024-05-15,bull
2024-05-16,bull
2024-05-17,bull
2024-05-20,bull
2024-05-21,bull
2024-05-22,bull
2024-05-23,bull
2024-05-24,bull
2024-05-28,bull
2024-05-29,bull
2024-05-30,bull
2024-05-31,bull
2024-06-03,bull
2024-06-04,bull
2024-06-05,bull
2024-06-06,bull
2024-06-07,bull
2024-06-10,bull
2024-06-11,bull
2024-06-12,bull
2024-06-13,bull
2024-06-14,bull
2024-06-17,bull
2024-06-18,bull
2024-06-20,bull
2024-06-21,bull
2024-06-24,bull
2024-06-25,bull
2024-06-26,bull
2024-06-27,bull
2024-06-28,bull
2024-07-01,bull
2024-07-02,bull
2024-07-03,bull
2024-07-05,bull
2024-07-08,bull
2024-07-09,bull
2024-07-10,bull
2024-07-11,bull
2024-07-12,bull
2024-07-15,bull
2024-07-16,bull
2024-07-17,bull
2024-07-18,bull
2024-07-19,bull
2024-07-22,bull
2024-07-23,bull
2024-07-24,bull
2024-07-25,neutral
2024-07-26,neutral
2024-07-29,neutral
2024-07-30,neutral
2024-07-31,neutral
2024-08-01,neutral
2024-08-02,neutral
2024-08-05,neutral
2024-08-06,neutral
2024-08-07,neutral
2024-08-08,neutral
2024-08-09,bear
2024-08-12,bear
2024-08-13,bear
2024-08-14,bear
2024-08-15,bear
2024-08-16,neutral
2024-08-19,neutral
2024-08-20,neutral
2024-08-21,neutral
2024-08-22,neutral
2024-08-23,neutral
2024-08-26,neutral
2024-08-27,neutral
2024-08-28,neutral
2024-08-29,neutral
2024-08-30,neutral
2024-09-03,neutral
2024-09-04,neutral
2024-09-05,neutral
2024-09-06,neutral
2024-09-09,neutral
2024-09-10,neutral
2024-09-11,neutral
2024-09-12,neutral
2024-09-13,neutral
2024-09-16,neutral
2024-09-17,neutral
2024-09-18,neutral
2024-09-19,neutral
2024-09-20,neutral
2024-09-23,neutral
2024-09-24,neutral
2024-09-25,neutral
2024-09-26,neutral
2024-09-27,neutral
2024-09-30,neutral
2024-10-01,neutral
2024-10-02,neutral
2024-10-03,bull
2024-10-04,bull
2024-10-07,bull
2024-10-08,bull
2024-10-09,bull
2024-10-10,bull
2024-10-11,bull
2024-10-14,bull
2024-10-15,bull
2024-10-16,bull
2024-10-17,bull
2024-10-18,bull
2024-10-21,bull
2024-10-22,bull
2024-10-23,bull
2024-10-24,bull
2024-10-25,bull
2024-10-28,bull
2024-10-29,bull
2024-10-30,bull
2024-10-31,bull
2024-11-01,bull
2024-11-04,bull
2024-11-05,bull
2024-11-06,bull
2024-11-07,bull
2024-11-08,bull
2024-11-11,bull
2024-11-12,bull
2024-11-13,bull
2024-11-14,bull
2024-11-15,bull
2024-11-18,bull
2024-11-19,neutral
2024-11-20,neutral
2024-11-21,bull
2024-11-22,bull
2024-11-25,bull
2024-11-26,bull
2024-11-27,bull
2024-11-29,bull
2024-12-02,bull
2024-12-03,bull
2024-12-04,bull
2024-12-05,bull
2024-12-06,bull
2024-12-09,bull
2024-12-10,bull
2024-12-11,bull
2024-12-12,bull
2024-12-13,bull
2024-12-16,bull
2024-12-17,bull
2024-12-18,bull
2024-12-19,neutral
2024-12-20,neutral
2024-12-23,neutral
2024-12-24,neutral
2024-12-26,neutral
2024-12-27,neutral
2024-12-30,neutral
2024-12-31,neutral
2025-01-02,neutral
2025-01-03,neutral
2025-01-06,neutral
2025-01-07,neutral
2025-01-08,neutral
2025-01-10,neutral
2025-01-13,neutral
2025-01-14,neutral
2025-01-15,neutral
2025-01-16,neutral
2025-01-17,neutral
2025-01-21,neutral
2025-01-22,neutral
2025-01-23,neutral
2025-01-24,neutral
2025-01-27,neutral
2025-01-28,neutral
2025-01-29,neutral
2025-01-30,neutral
2025-01-31,neutral
2025-02-03,neutral
2025-02-04,neutral
2025-02-05,neutral
2025-02-06,neutral
2025-02-07,neutral
2025-02-10,neutral
2025-02-11,neutral
2025-02-12,neutral
2025-02-13,neutral
2025-02-14,neutral
2025-02-18,neutral
2025-02-19,neutral
2025-02-20,neutral
2025-02-21,neutral
2025-02-24,neutral
2025-02-25,neutral
2025-02-26,neutral
2025-02-27,neutral
2025-02-28,neutral
2025-03-03,bear
2025-03-04,bear
2025-03-05,bear
2025-03-06,bear
2025-03-07,bear
2025-03-10,bear
2025-03-11,bear
2025-03-12,bear
2025-03-13,bear
2025-03-14,bear
2025-03-17,bear
2025-03-18,bear
2025-03-19,bear
2025-03-20,bear
2025-03-21,bear
2025-03-24,bear
2025-03-25,bear
2025-03-26,bear
2025-03-27,bear
2025-03-28,bear
2025-03-31,bear
2025-04-01,bear
2025-04-02,bear
2025-04-03,bear
2025-04-04,bear
2025-04-07,bear
2025-04-08,bear
2025-04-09,bear
2025-04-10,bear
2025-04-11,bear
2025-04-14,bear
2025-04-15,bear
2025-04-16,bear
2025-04-17,bear
2025-04-21,bear
2025-04-22,bear
2025-04-23,bear
2025-04-24,bear
2025-04-25,bear
2025-04-28,bear
2025-04-29,bear
2025-04-30,bear
2025-05-01,bear
2025-05-02,bear
2025-05-05,bear
2025-05-06,bear
2025-05-07,bear
2025-05-08,bear
2025-05-09,bear
2025-05-12,bear
2025-05-13,bear
2025-05-14,bear
2025-05-15,bear
2025-05-16,bear
2025-05-19,neutral
2025-05-20,neutral
2025-05-21,neutral
2025-05-22,neutral
2025-05-23,neutral
2025-05-27,neutral
2025-05-28,neutral
2025-05-29,neutral
2025-05-30,neutral
2025-06-02,neutral
2025-06-03,neutral
2025-06-04,neutral
2025-06-05,neutral
2025-06-06,neutral
2025-06-09,neutral
2025-06-10,neutral
2025-06-11,neutral
2025-06-12,bull
2025-06-13,bull
2025-06-16,bull
2025-06-17,bull
2025-06-18,bull
2025-06-20,bull
2025-06-23,bull
2025-06-24,bull
2025-06-25,bull
2025-06-26,bull
2025-06-27,bull
2025-06-30,bull
2025-07-01,bull
2025-07-02,bull
2025-07-03,bull
2025-07-07,bull
2025-07-08,bull
2025-07-09,bull
2025-07-10,bull
2025-07-11,bull
2025-07-14,bull
2025-07-15,bull
2025-07-16,bull
2025-07-17,bull
2025-07-18,bull
2025-07-21,bull
2025-07-22,bull
2025-07-23,bull
2025-07-24,bull
2025-07-25,bull
2025-07-28,bull
2025-07-29,bull
2025-07-30,bull
2025-07-31,bull
2025-08-01,bull
2025-08-04,bull
2025-08-05,bull
2025-08-06,bull
2025-08-07,bull
2025-08-08,bull
2025-08-11,bull
2025-08-12,bull
2025-08-13,bull
2025-08-14,bull
2025-08-15,bull
2025-08-18,bull
2025-08-19,bull
2025-08-20,bull
2025-08-21,bull
2025-08-22,bull
2025-08-25,bull
2025-08-26,bull
2025-08-27,bull
2025-08-28,bull
2025-08-29,bull
2025-09-02,bull
2025-09-03,bull
2025-09-04,bull
2025-09-05,bull
2025-09-08,bull
2025-09-09,bull
2025-09-10,bull
2025-09-11,bull
2025-09-12,bull
2025-09-15,bull
2025-09-16,bull
2025-09-17,bull
2025-09-18,bull
2025-09-19,bull
2025-09-22,bull
2025-09-23,bull
2025-09-24,bull
2025-09-25,bull
2025-09-26,bull
2025-09-29,bull
2025-09-30,bull
2025-10-01,bull
2025-10-02,bull
2025-10-03,bull
2025-10-06,bull
2025-10-07,bull
2025-10-08,bull
2025-10-09,bull
2025-10-10,bull
2025-10-13,bull
2025-10-14,bull
2025-10-15,bull
2025-10-16,bull
2025-10-17,neutral
2025-10-20,neutral
2025-10-21,neutral
2025-10-22,neutral
2025-10-23,neutral
2025-10-24,neutral
2025-10-27,neutral
2025-10-28,neutral
2025-10-29,neutral
2025-10-30,neutral
2025-10-31,neutral
2025-11-03,neutral
2025-11-04,neutral
2025-11-05,neutral
2025-11-06,neutral
2025-11-07,neutral
2025-11-10,neutral
2025-11-11,neutral
2025-11-12,neutral
2025-11-13,neutral
2025-11-14,neutral
2025-11-17,neutral
2025-11-18,neutral
2025-11-19,neutral
2025-11-20,neutral
2025-11-21,neutral
2025-11-24,neutral
2025-11-25,neutral
2025-11-26,neutral
2025-11-28,neutral
2025-12-01,neutral
2025-12-02,neutral
2025-12-03,neutral
2025-12-04,neutral
2025-12-05,neutral
2025-12-08,neutral
2025-12-09,neutral
2025-12-10,neutral
2025-12-11,neutral
2025-12-12,neutral
2025-12-15,neutral
2025-12-16,neutral
2025-12-17,neutral
2025-12-18,neutral
2025-12-19,neutral
2025-12-22,bull
2025-12-23,bull
2025-12-24,bull
2025-12-26,bull
2025-12-29,bull
2025-12-30,bull
2025-12-31,bull
2026-01-02,bull
2026-01-05,bull
2026-01-06,bull
2026-01-07,bull
2026-01-08,bull
2026-01-09,bull
2026-01-12,bull
2026-01-13,bull
2026-01-14,bull
2026-01-15,bull
2026-01-16,bull
2026-01-20,bull
2026-01-21,bull
2026-01-22,bull
2026-01-23,bull
2026-01-26,bull
2026-01-27,bull
2026-01-28,bull
2026-01-29,bull
2026-01-30,bull
2026-02-02,bull
2026-02-03,bull
2026-02-04,bull
2026-02-05,bull
2026-02-06,neutral
2026-02-09,neutral
2026-02-10,neutral
2026-02-11,neutral
2026-02-12,neutral
2026-02-13,neutral
2026-02-17,neutral
2026-02-18,neutral
2026-02-19,neutral
2026-02-20,neutral
2026-02-23,neutral
2026-02-24,neutral
2026-02-25,neutral
2026-02-26,neutral
2026-02-27,neutral
2026-03-02,neutral
2026-03-03,neutral
2026-03-04,neutral
2026-03-05,neutral
2026-03-06,neutral
2026-03-09,neutral
2026-03-10,neutral
2026-03-11,neutral
2026-03-12,neutral
2026-03-13,neutral
2026-03-16,neutral
2026-03-17,neutral
2026-03-18,neutral
2026-03-19,bear
2026-03-20,bear
2026-03-23,bear
2026-03-24,bear
2026-03-25,bear
2026-03-26,bear
2026-03-27,bear
2026-03-30,bear
2026-03-31,bear
2026-04-01,bear
2026-04-02,bear
2026-04-06,bear
2026-04-07,bear
2026-04-08,bear
2026-04-09,bear
2026-04-10,neutral
2026-04-13,neutral
2026-04-14,neutral
2026-04-15,neutral
2026-04-16,neutral
2026-04-17,neutral
2026-04-20,neutral
2026-04-21,neutral
2026-04-22,neutral
2026-04-23,neutral
2026-04-24,neutral
2026-04-27,neutral
2026-04-28,neutral
2026-04-29,neutral
2026-04-30,neutral
2026-05-01,neutral
2026-05-04,neutral
2026-05-05,neutral
2026-05-06,neutral
2026-05-07,neutral
2026-05-08,neutral
2026-05-11,bull
2026-05-12,bull
2026-05-13,bull
2026-05-14,bull
2026-05-15,bull
2026-05-18,bull
2026-05-19,bull
2026-05-20,bull
2026-05-21,bull
2026-05-22,bull
2026-05-26,bull
2026-05-27,bull
2026-05-28,bull
2026-05-29,bull
2026-06-01,bull
2026-06-02,bull
2026-06-03,bull
2026-06-04,bull
2026-06-05,bull
2026-06-08,bull
2026-06-09,bull
2026-06-10,neutral
2026-06-11,neutral
2026-06-12,neutral
2026-06-15,neutral
2026-06-16,neutral
2026-06-17,neutral
2026-06-18,neutral
2026-06-22,neutral
2026-06-23,neutral
2026-06-24,neutral
2026-06-25,neutral
2026-06-26,neutral
2026-06-29,neutral
2026-06-30,neutral
2026-07-01,neutral
2026-07-02,neutral
2026-07-06,neutral
2026-07-07,neutral
2026-07-08,neutral
2026-07-09,neutral
2026-07-10,neutral
2026-07-13,neutral
2026-07-14,bull
2026-07-15,bull
2026-07-16,bull
2026-07-17,bull
2026-07-20,bull
2026-07-21,bull
2026-07-22,bull
