detector,regime,strategy,annual_return,sharpe,sortino,max_drawdown,cvar_5,beta_SPY,alpha_SPY,beta_SUSA,alpha_SUSA,beta_DSI,alpha_DSI,beta_SPYX,alpha_SPYX
crossover,bull,equal_weight,0.1821,1.249,1.873,-0.1712,-0.0191,0.768,0.0458,0.782,0.0504,0.7,0.0607,0.762,0.048
crossover,bull,buy_and_hold,0.1678,1.126,1.669,-0.1849,-0.02,0.826,0.0248,0.837,0.0332,0.756,0.0437,0.818,0.0297
crossover,neutral,equal_weight,0.0731,0.501,0.725,-0.1744,-0.0223,0.826,-0.0481,0.813,-0.0235,0.775,-0.059,0.817,-0.0453
crossover,neutral,buy_and_hold,0.0608,0.437,0.63,-0.1748,-0.022,0.812,-0.0578,0.799,-0.0335,0.762,-0.0686,0.803,-0.055
crossover,bear,equal_weight,0.1173,0.592,0.845,-0.2098,-0.0317,0.968,-0.0128,0.932,-0.0216,0.931,-0.0117,0.966,-0.009
crossover,bear,buy_and_hold,0.1099,0.564,0.802,-0.218,-0.0318,0.965,-0.0191,0.929,-0.0278,0.927,-0.0179,0.963,-0.0153
ema,bull,equal_weight,0.2024,1.365,2.046,-0.1712,-0.0193,0.764,0.0517,0.78,0.0556,0.698,0.0648,0.757,0.0541
ema,bull,buy_and_hold,0.1948,1.262,1.878,-0.1859,-0.0204,0.832,0.0338,0.844,0.0437,0.763,0.0531,0.822,0.0407
ema,neutral,equal_weight,0.0659,0.441,0.603,-0.1582,-0.0266,0.884,-0.087,0.867,-0.0833,0.84,-0.1023,0.877,-0.0841
ema,neutral,buy_and_hold,0.0596,0.415,0.564,-0.1536,-0.0262,0.863,-0.0899,0.845,-0.0861,0.82,-0.1048,0.856,-0.087
ema,bear,equal_weight,0.045,0.306,0.453,-0.1771,-0.0278,0.938,0.041,0.897,0.0374,0.899,0.0509,0.936,0.0463
ema,bear,buy_and_hold,0.0335,0.258,0.379,-0.1802,-0.0278,0.928,0.0296,0.888,0.0261,0.89,0.0394,0.927,0.0349
hmm,bull,equal_weight,0.1227,1.039,1.506,-0.1228,-0.0166,0.749,0.0239,0.744,0.0231,0.642,0.0327,0.731,0.0214
hmm,bull,buy_and_hold,0.1111,0.953,1.372,-0.1208,-0.0169,0.789,0.0089,0.776,0.0127,0.679,0.0215,0.77,0.0087
hmm,neutral,equal_weight,0.3744,2.113,3.248,-0.1134,-0.0207,0.818,0.0437,0.806,0.0601,0.75,0.0616,0.807,0.0512
hmm,neutral,buy_and_hold,0.3729,2.036,3.123,-0.1177,-0.0211,0.863,0.0279,0.849,0.0445,0.793,0.0458,0.85,0.0362
hmm,bear,equal_weight,-0.0283,0.049,0.073,-0.2716,-0.0386,0.913,-0.0025,0.923,0.0034,0.895,0.0041,0.915,0.0165
hmm,bear,buy_and_hold,-0.0393,0.003,0.004,-0.272,-0.0378,0.884,-0.0158,0.894,-0.01,0.867,-0.0094,0.886,0.0026
