detector,strategy,scope,annual_return,sharpe,sortino,max_drawdown,alpha_SPY,beta_SPY,days
crossover,full_1N,full_period,0.1246,0.695,0.99,-0.51,0.0169,0.982,5432
crossover,full_1N,bull,0.1415,0.91,1.28,-0.3669,0.0111,0.934,3762
crossover,full_1N,neutral,0.1166,0.759,1.092,-0.1997,0.0315,0.943,846
crossover,full_1N,bear,0.0584,0.336,0.485,-0.4957,0.0601,1.053,824
crossover,full_BH,full_period,0.1077,0.654,0.922,-0.4997,0.0064,0.922,5432
crossover,full_BH,bull,0.1318,0.896,1.26,-0.3284,0.0058,0.904,3762
crossover,full_BH,neutral,0.1006,0.685,0.972,-0.2263,0.0178,0.929,846
crossover,full_BH,bear,0.0108,0.184,0.26,-0.4844,0.0076,0.942,824
ema,full_1N,full_period,0.1246,0.695,0.99,-0.51,0.0169,0.982,5432
ema,full_1N,bull,0.1067,0.725,0.997,-0.3669,0.0063,0.925,3765
ema,full_1N,neutral,0.0875,0.577,0.811,-0.2368,0.0019,0.97,1055
ema,full_1N,bear,0.3151,0.915,1.364,-0.4652,0.1343,1.06,612
ema,full_BH,full_period,0.1077,0.654,0.922,-0.4997,0.0064,0.922,5432
ema,full_BH,bull,0.1,0.712,0.982,-0.3284,0.002,0.902,3765
ema,full_BH,neutral,0.0989,0.663,0.929,-0.2324,0.0148,0.931,1055
ema,full_BH,bear,0.1727,0.645,0.94,-0.4456,0.0268,0.944,612
hmm,full_1N,full_period,0.1246,0.695,0.99,-0.51,0.0169,0.982,5432
hmm,full_1N,bull,0.1014,0.894,1.254,-0.1499,0.0083,0.906,2794
hmm,full_1N,neutral,0.3502,1.752,2.598,-0.2295,0.0321,0.986,1808
hmm,full_1N,bear,-0.1899,-0.384,-0.538,-0.6045,0.0413,1.006,830
hmm,full_BH,full_period,0.1077,0.654,0.922,-0.4997,0.0064,0.922,5432
hmm,full_BH,bull,0.0914,0.85,1.179,-0.1182,0.0001,0.894,2794
hmm,full_BH,neutral,0.3339,1.824,2.692,-0.1911,0.0353,0.923,1808
hmm,full_BH,bear,-0.223,-0.573,-0.794,-0.6418,-0.0251,0.93,830
