detector,regime,optimizer,n_eval_ok,annual_return_mean,annual_return_std,annual_volatility_mean,annual_volatility_std,sharpe_mean,sharpe_std,sortino_mean,sortino_std,calmar_mean,calmar_std,cvar_5_mean,cvar_5_std,max_drawdown_mean,max_drawdown_std,avg_esg_E_mean,avg_esg_E_std,avg_esg_S_mean,avg_esg_S_std,avg_esg_G_mean,avg_esg_G_std,avg_turnover_mean,avg_turnover_std,beta_SPY_mean,beta_SPY_std,alpha_SPY_mean,alpha_SPY_std,ir_SPY_mean,ir_SPY_std,te_SPY_mean,te_SPY_std,cov_SPY_mean,cov_SPY_std,beta_SUSA_mean,beta_SUSA_std,alpha_SUSA_mean,alpha_SUSA_std,ir_SUSA_mean,ir_SUSA_std,te_SUSA_mean,te_SUSA_std,cov_SUSA_mean,cov_SUSA_std,beta_DSI_mean,beta_DSI_std,alpha_DSI_mean,alpha_DSI_std,ir_DSI_mean,ir_DSI_std,te_DSI_mean,te_DSI_std,cov_DSI_mean,cov_DSI_std,beta_SPYX_mean,beta_SPYX_std,alpha_SPYX_mean,alpha_SPYX_std,ir_SPYX_mean,ir_SPYX_std,te_SPYX_mean,te_SPYX_std,cov_SPYX_mean,cov_SPYX_std
crossover,bear,xnes,10,0.118873,0.012309,0.23404,0.003497,0.596547,0.046417,0.852921,0.067875,0.568594,0.060315,-0.031733,0.000474,-0.209165,0.004427,0.627561,0.003741,0.604101,0.004261,0.705758,0.004078,0.000863,0.000197,0.969835,0.013776,-0.011683,0.010949,-0.251355,0.176225,0.065877,0.001709,228.0,0.0,0.934498,0.013078,-0.020486,0.010972,-0.453526,0.168592,0.070294,0.001556,228.0,0.0,0.932791,0.013378,-0.010559,0.01098,-0.28684,0.155297,0.075043,0.00153,228.0,0.0,0.968468,0.013704,-0.007833,0.010979,-0.182872,0.165183,0.07004,0.001798,228.0,0.0
crossover,neutral,xnes,10,0.073437,0.011977,0.169805,0.002724,0.50212,0.068746,0.726738,0.100206,0.421215,0.080785,-0.022343,0.000247,-0.175205,0.005375,0.62968,0.006606,0.608667,0.004423,0.706561,0.002818,0.000857,0.00026,0.829303,0.012463,-0.048292,0.011862,-0.967574,0.138244,0.078289,0.001229,234.0,0.0,0.816323,0.012422,-0.023576,0.011703,-0.625246,0.142445,0.076858,0.001093,234.0,0.0,0.778239,0.012619,-0.059255,0.012016,-1.142248,0.124044,0.08791,0.00097,234.0,0.0,0.82064,0.012663,-0.045448,0.011901,-0.901092,0.132785,0.082119,0.001036,234.0,0.0
crossover,bull,xnes,10,0.18412,0.005073,0.142771,0.00306,1.255413,0.023656,1.88159,0.038947,1.107929,0.038111,-0.019059,0.000344,-0.166303,0.005219,0.632376,0.001942,0.631318,0.005474,0.711412,0.003987,0.000333,4.1e-05,0.768074,0.017022,0.047182,0.003306,0.099203,0.04848,0.090582,0.001068,1104.0,0.0,0.783087,0.016656,0.051495,0.003544,0.208857,0.049788,0.086689,0.001099,1090.0,0.0,0.699956,0.015355,0.061887,0.003471,0.1479,0.043491,0.101519,0.001035,1091.0,0.0,0.761703,0.016706,0.049365,0.003496,0.114712,0.048946,0.092263,0.0011,1097.0,0.0
crossover,neutral,cma,10,0.073372,0.012836,0.169588,0.002128,0.501957,0.071999,0.72708,0.106226,0.423184,0.083312,-0.022324,0.000258,-0.174239,0.005202,0.627666,0.004483,0.606416,0.004265,0.705027,0.002989,0.000919,0.000216,0.828056,0.013288,-0.0482,0.012526,-0.968358,0.150248,0.078339,0.001799,234.0,0.0,0.814613,0.01321,-0.023457,0.012437,-0.624423,0.155919,0.077151,0.001885,234.0,0.0,0.776749,0.013643,-0.059088,0.0126,-1.141192,0.134499,0.088095,0.002202,234.0,0.0,0.819108,0.013512,-0.045313,0.012571,-0.900666,0.144714,0.082284,0.001712,234.0,0.0
crossover,bear,cma,10,0.119358,0.013191,0.233882,0.00305,0.599007,0.052543,0.856304,0.077255,0.569378,0.072725,-0.031744,0.000462,-0.210056,0.00394,0.629264,0.00465,0.605649,0.005504,0.70533,0.003627,0.000904,0.000249,0.969568,0.01283,-0.011254,0.012335,-0.244267,0.175138,0.065523,0.001108,228.0,0.0,0.934218,0.012444,-0.02005,0.01245,-0.448564,0.166175,0.069984,0.001116,228.0,0.0,0.932583,0.012642,-0.010137,0.012368,-0.281559,0.15417,0.074695,0.001128,228.0,0.0,0.968169,0.012834,-0.0074,0.012323,-0.17572,0.164568,0.069731,0.001212,228.0,0.0
crossover,bull,cma,10,0.185028,0.004563,0.141892,0.002891,1.267741,0.022546,1.903096,0.034677,1.119471,0.044402,-0.01898,0.000348,-0.165476,0.00612,0.637478,0.004865,0.611454,0.006466,0.710923,0.00388,0.0003,5.5e-05,0.769578,0.018417,0.047945,0.003105,0.112781,0.045315,0.088796,0.001154,1104.0,0.0,0.783529,0.018278,0.052653,0.00314,0.227412,0.0481,0.085141,0.00117,1090.0,0.0,0.702355,0.017165,0.062884,0.00311,0.164609,0.041767,0.099687,0.001249,1091.0,0.0,0.763429,0.018183,0.050051,0.003098,0.12792,0.045385,0.090442,0.001157,1097.0,0.0
crossover,bear,pso,10,0.116269,0.011535,0.234136,0.002221,0.586541,0.044552,0.837745,0.065234,0.552542,0.057894,-0.031761,0.000324,-0.210592,0.004026,0.626237,0.002554,0.604663,0.002913,0.705197,0.004327,0.000868,0.000226,0.969804,0.008075,-0.013983,0.010426,-0.283097,0.160953,0.06619,0.001546,228.0,0.0,0.934422,0.007821,-0.022777,0.01046,-0.482491,0.152953,0.070626,0.001352,228.0,0.0,0.932663,0.007711,-0.012842,0.010461,-0.314914,0.142202,0.075392,0.00138,228.0,0.0,0.968484,0.007971,-0.01014,0.010443,-0.213249,0.15156,0.070301,0.00156,228.0,0.0
crossover,neutral,gwo,10,0.072266,0.01528,0.168831,0.00189,0.496517,0.083054,0.718044,0.123027,0.415742,0.093886,-0.022317,0.000155,-0.174539,0.004458,0.629084,0.005174,0.607524,0.003317,0.706174,0.002599,0.000907,0.000323,0.824142,0.009981,-0.048758,0.013915,-0.982752,0.186221,0.078431,0.001231,234.0,0.0,0.810678,0.009859,-0.02412,0.013985,-0.638047,0.188088,0.077347,0.001201,234.0,0.0,0.772989,0.009836,-0.059577,0.013807,-1.151961,0.162304,0.088272,0.001334,234.0,0.0,0.815368,0.009622,-0.045905,0.014,-0.91561,0.179784,0.082296,0.001229,234.0,0.0
crossover,neutral,pso,10,0.079135,0.018066,0.170518,0.002274,0.530683,0.097201,0.771408,0.144706,0.45989,0.11253,-0.022356,0.000202,-0.17292,0.004982,0.631047,0.005677,0.607904,0.004057,0.706194,0.003317,0.001034,0.000181,0.833819,0.013638,-0.043683,0.016778,-0.906318,0.222321,0.077821,0.001849,234.0,0.0,0.820347,0.013407,-0.018776,0.016782,-0.55984,0.225679,0.076506,0.001979,234.0,0.0,0.782674,0.013398,-0.054743,0.016629,-1.088593,0.193358,0.087346,0.001897,234.0,0.0,0.824876,0.013503,-0.040787,0.016796,-0.840669,0.211031,0.081794,0.001659,234.0,0.0
crossover,neutral,lshade,10,0.074878,0.011063,0.169696,0.001355,0.509901,0.061396,0.738584,0.090281,0.431361,0.06993,-0.022291,0.000165,-0.174006,0.00458,0.629371,0.005029,0.605817,0.005108,0.705431,0.002959,0.000823,0.000264,0.827447,0.008186,-0.046664,0.010456,-0.943947,0.127575,0.078829,0.001409,234.0,0.0,0.814388,0.008207,-0.021988,0.010402,-0.60261,0.131434,0.077485,0.001482,234.0,0.0,0.77654,0.008388,-0.05761,0.010476,-1.120811,0.113584,0.08839,0.001587,234.0,0.0,0.818454,0.008308,-0.043771,0.01049,-0.877837,0.122553,0.082769,0.001381,234.0,0.0
crossover,bull,pso,10,0.186564,0.002124,0.142329,0.00207,1.273476,0.018202,1.911654,0.028384,1.122203,0.031488,-0.019054,0.000252,-0.166357,0.004276,0.635017,0.002645,0.612712,0.005845,0.716854,0.004118,0.000299,3.8e-05,0.775159,0.013738,0.048297,0.002274,0.128197,0.020576,0.088017,0.00094,1104.0,0.0,0.789254,0.013612,0.053632,0.002332,0.251723,0.020297,0.084289,0.000872,1090.0,0.0,0.707655,0.012762,0.063915,0.002249,0.184578,0.017075,0.098925,0.000929,1091.0,0.0,0.768844,0.013718,0.050929,0.002387,0.148531,0.018938,0.089728,0.000914,1097.0,0.0
crossover,bull,de,10,0.18554,0.003236,0.141852,0.001895,1.271112,0.021216,1.908377,0.033129,1.116119,0.028242,-0.018977,0.000227,-0.166307,0.003829,0.636336,0.002881,0.61485,0.005393,0.712884,0.003827,0.000286,3.6e-05,0.769557,0.012526,0.048329,0.002285,0.117466,0.031705,0.088702,0.00119,1104.0,0.0,0.783694,0.012331,0.053347,0.002718,0.236554,0.035647,0.084991,0.001088,1090.0,0.0,0.702266,0.01187,0.06358,0.002612,0.171751,0.030338,0.099621,0.0012,1091.0,0.0,0.763365,0.012504,0.050681,0.002627,0.135186,0.032429,0.090359,0.001123,1097.0,0.0
crossover,bear,lshade,10,0.118907,0.007912,0.234043,0.004033,0.597048,0.031449,0.852757,0.046228,0.56778,0.048125,-0.031732,0.000541,-0.209766,0.005829,0.625394,0.002909,0.604757,0.002355,0.703727,0.001943,0.000811,0.000216,0.9691,0.014923,-0.011497,0.007236,-0.245843,0.10788,0.066491,0.002483,228.0,0.0,0.933575,0.014321,-0.020256,0.007287,-0.44578,0.10171,0.071068,0.002119,228.0,0.0,0.931902,0.014516,-0.010344,0.007249,-0.281673,0.094438,0.07574,0.002001,228.0,0.0,0.967694,0.014957,-0.007644,0.007237,-0.178225,0.101406,0.070647,0.002434,228.0,0.0
crossover,bear,de,10,0.1181,0.012463,0.234377,0.002044,0.593322,0.048705,0.848075,0.072214,0.560139,0.068697,-0.031747,0.000331,-0.211281,0.004303,0.628263,0.005104,0.605565,0.004143,0.704575,0.004319,0.00094,0.000165,0.970072,0.008209,-0.012336,0.011412,-0.253255,0.161531,0.06683,0.000998,228.0,0.0,0.934518,0.007735,-0.021105,0.011477,-0.452616,0.15158,0.071348,0.000905,228.0,0.0,0.932704,0.007934,-0.011161,0.011436,-0.288485,0.142346,0.076111,0.00086,228.0,0.0,0.968552,0.008196,-0.008462,0.011413,-0.18558,0.15249,0.071057,0.000971,228.0,0.0
crossover,neutral,de,10,0.075898,0.016994,0.169385,0.002492,0.515899,0.093241,0.74774,0.138569,0.441204,0.109149,-0.022305,0.000256,-0.173084,0.00538,0.628938,0.006233,0.60615,0.005083,0.706405,0.003382,0.000937,0.000214,0.825585,0.012274,-0.045536,0.016118,-0.931832,0.199468,0.079005,0.001312,234.0,0.0,0.811906,0.011869,-0.02083,0.016041,-0.588869,0.202828,0.077996,0.001307,234.0,0.0,0.7745,0.01158,-0.056404,0.015992,-1.107106,0.173588,0.088698,0.001357,234.0,0.0,0.816775,0.012107,-0.042676,0.016131,-0.86728,0.190538,0.08286,0.001253,234.0,0.0
crossover,bull,lshade,10,0.185945,0.00458,0.142355,0.001628,1.269329,0.022543,1.905918,0.037316,1.129942,0.046594,-0.019012,0.000203,-0.164746,0.005528,0.639284,0.004157,0.613317,0.004981,0.710456,0.002902,0.000286,5.5e-05,0.77235,0.013071,0.048155,0.002682,0.120863,0.046082,0.088766,0.001575,1104.0,0.0,0.786113,0.012284,0.052934,0.003591,0.235898,0.058161,0.085155,0.001394,1090.0,0.0,0.704628,0.012379,0.063232,0.003558,0.172066,0.050296,0.099711,0.001562,1091.0,0.0,0.765845,0.01277,0.050386,0.00326,0.136403,0.051355,0.090502,0.00147,1097.0,0.0
crossover,bull,gwo,10,0.18558,0.003622,0.142729,0.001407,1.264253,0.018022,1.898483,0.028007,1.109858,0.023151,-0.019096,0.000212,-0.167265,0.00408,0.639002,0.00349,0.610351,0.004617,0.710877,0.002761,0.000287,3.1e-05,0.777927,0.013432,0.046877,0.002924,0.117677,0.040537,0.087916,0.001999,1104.0,0.0,0.791291,0.012862,0.051847,0.00312,0.234313,0.042427,0.08437,0.001998,1090.0,0.0,0.710098,0.013187,0.06209,0.003131,0.170372,0.03614,0.098836,0.002093,1091.0,0.0,0.771436,0.013424,0.049071,0.003078,0.13285,0.03874,0.089656,0.001963,1097.0,0.0
crossover,neutral,abc,10,0.07206,0.013849,0.169919,0.001114,0.493652,0.075623,0.713821,0.112006,0.412366,0.088754,-0.02243,0.000164,-0.175601,0.005018,0.628503,0.006177,0.606599,0.004737,0.705416,0.002226,0.000846,0.000203,0.831131,0.007132,-0.049874,0.01291,-0.992281,0.169617,0.077685,0.001471,234.0,0.0,0.817549,0.006868,-0.025027,0.012907,-0.645479,0.171664,0.076485,0.001442,234.0,0.0,0.779694,0.006851,-0.060813,0.012813,-1.162695,0.147211,0.087461,0.001378,234.0,0.0,0.82214,0.007045,-0.046975,0.012954,-0.922269,0.162036,0.081682,0.001343,234.0,0.0
ema,bull,cma,10,0.209845,0.004359,0.143542,0.0012,1.399127,0.021547,2.101497,0.035105,1.258508,0.034993,-0.01933,0.000125,-0.166789,0.002581,0.64158,0.004279,0.615506,0.003444,0.710336,0.001165,0.000454,7.7e-05,0.778302,0.008601,0.05514,0.002886,0.170562,0.042205,0.088933,0.000905,1105.0,0.0,0.794293,0.008285,0.059459,0.003347,0.287598,0.048735,0.085305,0.000836,1091.0,0.0,0.712454,0.008331,0.068507,0.003317,0.180615,0.042294,0.099378,0.00096,1092.0,0.0,0.771507,0.008533,0.057618,0.003242,0.186158,0.044968,0.090627,0.000911,1098.0,0.0
ema,bull,xnes,10,0.209722,0.004199,0.143487,0.002794,1.399287,0.029338,2.101425,0.044426,1.275652,0.04717,-0.019341,0.000304,-0.164575,0.005514,0.645028,0.005019,0.612176,0.002823,0.709202,0.003218,0.000365,4.5e-05,0.77778,0.018184,0.055094,0.002749,0.169466,0.041163,0.088977,0.002274,1105.0,0.0,0.793588,0.018289,0.059232,0.002808,0.284037,0.050983,0.085372,0.0023,1091.0,0.0,0.712145,0.017895,0.068187,0.002631,0.177426,0.043923,0.099352,0.002408,1092.0,0.0,0.770985,0.017687,0.057402,0.002663,0.183203,0.043691,0.090648,0.002225,1098.0,0.0
crossover,neutral,acor,10,0.075029,0.015114,0.169788,0.001697,0.510211,0.082848,0.739459,0.123261,0.431866,0.095827,-0.022352,0.000196,-0.174834,0.006304,0.627613,0.006294,0.605586,0.005681,0.704815,0.002386,0.000844,0.000206,0.829287,0.010367,-0.04685,0.014103,-0.949286,0.176528,0.078226,0.001474,234.0,0.0,0.816016,0.010167,-0.022095,0.014101,-0.605011,0.18235,0.07693,0.001491,234.0,0.0,0.778001,0.01005,-0.057771,0.014033,-1.124462,0.153847,0.087947,0.001502,234.0,0.0,0.820476,0.010308,-0.043982,0.014137,-0.882955,0.169532,0.082122,0.001268,234.0,0.0
crossover,bear,acor,10,0.119993,0.010904,0.23421,0.002412,0.600582,0.040161,0.858074,0.05892,0.571843,0.05451,-0.03174,0.000317,-0.209968,0.004299,0.626349,0.00478,0.605411,0.003716,0.70263,0.002795,0.000897,0.000188,0.969694,0.008434,-0.010608,0.00956,-0.233241,0.152363,0.066527,0.002295,228.0,0.0,0.934132,0.00789,-0.01937,0.009574,-0.433852,0.146237,0.07109,0.002258,228.0,0.0,0.932478,0.007983,-0.009455,0.009611,-0.270564,0.134574,0.075749,0.002187,228.0,0.0,0.968258,0.008373,-0.006748,0.00958,-0.166163,0.142195,0.070706,0.002283,228.0,0.0
crossover,bear,gwo,10,0.121873,0.010088,0.234692,0.002881,0.60706,0.037382,0.868002,0.055018,0.584382,0.056501,-0.031801,0.000432,-0.208845,0.004591,0.626541,0.002739,0.607727,0.00363,0.704879,0.004184,0.000879,0.000254,0.972729,0.011856,-0.009284,0.008655,-0.204802,0.139868,0.065814,0.00149,228.0,0.0,0.937342,0.011604,-0.018122,0.00861,-0.41045,0.129095,0.070117,0.001634,228.0,0.0,0.935631,0.011652,-0.008165,0.008635,-0.24644,0.122177,0.074906,0.001418,228.0,0.0,0.971295,0.011804,-0.005412,0.00868,-0.139101,0.131773,0.070054,0.001401,228.0,0.0
ema,neutral,cma,10,0.066419,0.008104,0.182067,0.003162,0.444571,0.043502,0.608479,0.061203,0.425547,0.072325,-0.02659,0.000444,-0.157383,0.009348,0.629303,0.004795,0.606359,0.00422,0.705067,0.002909,0.000878,0.000312,0.879651,0.01643,-0.085901,0.008417,-1.636649,0.117601,0.066485,0.002331,297.0,0.0,0.862011,0.01655,-0.082121,0.008429,-1.599315,0.116758,0.067731,0.002451,297.0,0.0,0.835852,0.016598,-0.100999,0.008672,-1.763434,0.106485,0.077597,0.002482,297.0,0.0,0.873006,0.016679,-0.083003,0.008437,-1.509676,0.109459,0.070824,0.002264,297.0,0.0
ema,neutral,xnes,10,0.069106,0.00675,0.182987,0.002724,0.456831,0.035177,0.625157,0.049487,0.436746,0.052168,-0.026741,0.00032,-0.158679,0.005668,0.630133,0.004425,0.603649,0.004566,0.70545,0.003883,0.0008,0.00017,0.884822,0.014498,-0.084189,0.006165,-1.604176,0.064452,0.06606,0.001881,297.0,0.0,0.867076,0.014709,-0.080386,0.006196,-1.568318,0.064951,0.067253,0.001986,297.0,0.0,0.841275,0.014634,-0.099486,0.006196,-1.741691,0.054718,0.076932,0.002003,297.0,0.0,0.878074,0.014582,-0.081262,0.006145,-1.476703,0.062442,0.070489,0.001818,297.0,0.0
crossover,bull,abc,10,0.187584,0.001239,0.142551,0.001424,1.277638,0.011306,1.917751,0.01692,1.131362,0.022635,-0.019064,0.000191,-0.165865,0.003224,0.642267,0.004547,0.611905,0.002696,0.709396,0.002515,0.0003,2.7e-05,0.77755,0.010583,0.048798,0.001624,0.138826,0.015506,0.08776,0.001341,1104.0,0.0,0.791124,0.010384,0.053484,0.001641,0.253846,0.017584,0.084157,0.001297,1090.0,0.0,0.710208,0.010291,0.063716,0.001609,0.187299,0.014928,0.098587,0.001408,1091.0,0.0,0.771363,0.010602,0.050823,0.001779,0.152492,0.015692,0.08943,0.001329,1097.0,0.0
ema,bull,de,10,0.208959,0.003734,0.142957,0.001503,1.399187,0.017495,2.100364,0.028476,1.256532,0.027856,-0.019294,0.00016,-0.166325,0.002039,0.639082,0.00321,0.615417,0.003822,0.711892,0.001997,0.000414,4.5e-05,0.774311,0.01026,0.054953,0.002157,0.16022,0.035697,0.089012,0.000732,1105.0,0.0,0.790668,0.010072,0.059225,0.002572,0.277743,0.042298,0.085285,0.000654,1091.0,0.0,0.708694,0.009656,0.068318,0.002568,0.171856,0.03672,0.099492,0.000762,1092.0,0.0,0.767548,0.01007,0.057494,0.002425,0.176881,0.03825,0.090698,0.000706,1098.0,0.0
ema,bull,pso,10,0.207639,0.003622,0.14283,0.001897,1.392829,0.024579,2.091047,0.037446,1.255517,0.042355,-0.019249,0.000223,-0.165489,0.003606,0.637512,0.003682,0.621553,0.003826,0.715151,0.00304,0.000353,3.1e-05,0.77148,0.013618,0.054217,0.003145,0.145372,0.032568,0.089527,0.001004,1105.0,0.0,0.788361,0.013608,0.058658,0.003485,0.265271,0.038143,0.085679,0.000962,1091.0,0.0,0.706101,0.01308,0.067759,0.003502,0.160854,0.032962,0.099964,0.001102,1092.0,0.0,0.76482,0.013405,0.056961,0.003523,0.164718,0.035428,0.091193,0.000915,1098.0,0.0
ema,bull,lshade,10,0.210536,0.007805,0.144033,0.00173,1.39884,0.044557,2.101321,0.071317,1.278996,0.062205,-0.019413,0.000184,-0.164721,0.003121,0.645076,0.004549,0.613452,0.005493,0.708787,0.002961,0.000365,5.2e-05,0.780281,0.011242,0.05529,0.006103,0.175805,0.072337,0.08922,0.00098,1105.0,0.0,0.796088,0.011102,0.059497,0.006674,0.290591,0.0808,0.085639,0.000926,1091.0,0.0,0.714339,0.010642,0.068589,0.006564,0.18453,0.070374,0.099593,0.000997,1092.0,0.0,0.773333,0.010853,0.057725,0.006607,0.190348,0.075171,0.090933,0.000919,1098.0,0.0
ema,bull,gwo,10,0.209124,0.004394,0.142947,0.001753,1.400326,0.026318,2.102527,0.041593,1.27292,0.048141,-0.019282,0.000219,-0.164421,0.004172,0.639193,0.006159,0.616065,0.004948,0.713489,0.0046,0.000402,5.7e-05,0.774124,0.012579,0.054989,0.003293,0.160343,0.043612,0.08904,0.001451,1105.0,0.0,0.790358,0.012594,0.059358,0.003955,0.278785,0.055713,0.085345,0.001489,1091.0,0.0,0.708728,0.012073,0.068398,0.003852,0.172968,0.04694,0.099465,0.001509,1092.0,0.0,0.76747,0.012554,0.05759,0.003664,0.177952,0.047247,0.090701,0.001365,1098.0,0.0
crossover,bull,acor,10,0.187283,0.003304,0.142354,0.002074,1.277704,0.031071,1.917283,0.046939,1.14045,0.043,-0.019008,0.000251,-0.164375,0.004668,0.645683,0.010125,0.611401,0.006125,0.70706,0.004401,0.000324,8e-05,0.775108,0.011402,0.048859,0.003878,0.13473,0.034493,0.088079,0.001501,1104.0,0.0,0.788064,0.011898,0.053612,0.004515,0.248556,0.042769,0.084647,0.001258,1090.0,0.0,0.707743,0.010585,0.063805,0.004314,0.183915,0.03723,0.098927,0.001563,1091.0,0.0,0.768666,0.011336,0.050911,0.004261,0.14826,0.038021,0.0898,0.00152,1097.0,0.0
ema,neutral,pso,10,0.069456,0.008641,0.182314,0.001141,0.459565,0.044844,0.628898,0.062725,0.444415,0.063383,-0.026658,0.000135,-0.156792,0.004165,0.626855,0.003292,0.603498,0.003407,0.703066,0.003102,0.000584,0.000148,0.881852,0.005972,-0.083436,0.007795,-1.605305,0.088012,0.065863,0.001593,297.0,0.0,0.864335,0.006037,-0.079678,0.007824,-1.570524,0.088167,0.067001,0.001513,297.0,0.0,0.8384,0.005931,-0.098671,0.007696,-1.741228,0.073594,0.076813,0.001637,297.0,0.0,0.875188,0.00602,-0.08053,0.007799,-1.478376,0.086773,0.070254,0.001521,297.0,0.0
ema,neutral,de,10,0.068292,0.006341,0.184483,0.005145,0.45064,0.032697,0.617178,0.04577,0.42885,0.047636,-0.026883,0.000599,-0.159674,0.007068,0.629951,0.004341,0.606247,0.004616,0.705649,0.003971,0.000718,0.000213,0.891725,0.024872,-0.085972,0.006481,-1.603217,0.078519,0.066419,0.001522,297.0,0.0,0.873897,0.024642,-0.08215,0.006446,-1.570322,0.075263,0.067488,0.001687,297.0,0.0,0.848078,0.024708,-0.101441,0.006759,-1.74473,0.060186,0.07707,0.001411,297.0,0.0,0.885043,0.024975,-0.083044,0.006476,-1.477347,0.074532,0.070804,0.001375,297.0,0.0
ema,neutral,lshade,10,0.068598,0.005829,0.182967,0.003676,0.4542,0.028804,0.621862,0.040438,0.436271,0.037967,-0.026683,0.000454,-0.157362,0.005713,0.630335,0.003185,0.606358,0.006217,0.705625,0.003319,0.000757,0.000133,0.884439,0.018853,-0.084587,0.00515,-1.606006,0.068439,0.066287,0.001091,297.0,0.0,0.866919,0.018813,-0.080827,0.005144,-1.573272,0.065469,0.067349,0.001448,297.0,0.0,0.840749,0.018738,-0.099842,0.005267,-1.741518,0.056205,0.077213,0.001355,297.0,0.0,0.877713,0.018815,-0.081665,0.005161,-1.479533,0.067591,0.07069,0.000983,297.0,0.0
ema,neutral,gwo,10,0.071309,0.006154,0.182462,0.001919,0.469079,0.033005,0.642576,0.046169,0.461432,0.054915,-0.026595,0.000307,-0.15522,0.006379,0.629848,0.004892,0.605696,0.00616,0.706142,0.00245,0.000724,0.00013,0.88307,0.008618,-0.081892,0.006329,-1.586254,0.069534,0.065591,0.001498,297.0,0.0,0.865558,0.008906,-0.078135,0.006351,-1.552475,0.071715,0.0667,0.001508,297.0,0.0,0.839599,0.008535,-0.097157,0.006436,-1.725041,0.062248,0.076552,0.001432,297.0,0.0,0.876363,0.00863,-0.078976,0.00633,-1.459001,0.06677,0.070025,0.00141,297.0,0.0
ema,bear,cma,10,0.044213,0.008153,0.230577,0.002063,0.301875,0.033721,0.447249,0.050699,0.248533,0.048304,-0.027929,0.000186,-0.178268,0.002887,0.625483,0.003608,0.60143,0.002795,0.701978,0.001832,0.000967,0.000219,0.942031,0.007946,0.040286,0.007824,0.632506,0.131357,0.060899,0.000955,164.0,0.0,0.901322,0.007672,0.036716,0.007823,0.510653,0.122351,0.064894,0.000764,164.0,0.0,0.902954,0.007599,0.050251,0.00784,0.69374,0.114964,0.069476,0.000887,164.0,0.0,0.940246,0.007877,0.045632,0.007834,0.669407,0.120384,0.065928,0.00098,164.0,0.0
crossover,bear,abc,10,0.120097,0.007457,0.234071,0.002464,0.601543,0.030005,0.859377,0.04362,0.573497,0.04308,-0.031771,0.000341,-0.209634,0.004258,0.627493,0.005233,0.604865,0.00403,0.705018,0.003993,0.000889,0.000137,0.969984,0.009392,-0.010568,0.007033,-0.23186,0.097743,0.065811,0.002031,228.0,0.0,0.934474,0.009027,-0.019343,0.007087,-0.434904,0.092138,0.070363,0.002016,228.0,0.0,0.932938,0.009089,-0.009444,0.007028,-0.27008,0.085812,0.074982,0.001839,228.0,0.0,0.968635,0.009385,-0.00672,0.007006,-0.16425,0.09196,0.069972,0.001911,228.0,0.0
ema,bear,xnes,10,0.044647,0.006946,0.229711,0.001767,0.303969,0.028758,0.450478,0.043114,0.252058,0.039871,-0.02786,0.000196,-0.177208,0.001543,0.626522,0.003523,0.601216,0.003619,0.703677,0.001876,0.000949,0.000229,0.938499,0.007447,0.040622,0.0067,0.635949,0.109097,0.060862,0.001006,164.0,0.0,0.897993,0.0072,0.037064,0.006694,0.513477,0.102917,0.06494,0.001136,164.0,0.0,0.899543,0.007164,0.05055,0.006721,0.695935,0.09561,0.069542,0.00111,164.0,0.0,0.936724,0.007386,0.045948,0.006713,0.673004,0.100046,0.06586,0.000963,164.0,0.0
ema,bear,de,10,0.045345,0.008754,0.230122,0.001484,0.306707,0.036086,0.45448,0.054356,0.255674,0.052975,-0.027911,0.000129,-0.177852,0.002914,0.625735,0.002718,0.602441,0.003212,0.704676,0.003087,0.000837,0.000263,0.939929,0.00628,0.041326,0.008358,0.646662,0.141349,0.061092,0.000846,164.0,0.0,0.899354,0.006254,0.037763,0.008354,0.524374,0.132891,0.065109,0.000987,164.0,0.0,0.900867,0.006373,0.051271,0.008369,0.705392,0.125662,0.069752,0.001017,164.0,0.0,0.938149,0.006347,0.046661,0.008363,0.68295,0.131392,0.066087,0.000838,164.0,0.0
ema,bear,lshade,10,0.044494,0.004925,0.229666,0.002459,0.303478,0.020602,0.449559,0.031259,0.250617,0.030984,-0.027844,0.00031,-0.177856,0.00326,0.625334,0.00397,0.600581,0.004115,0.703222,0.002751,0.000999,0.000265,0.937976,0.010054,0.040495,0.00468,0.631347,0.085066,0.061191,0.001194,164.0,0.0,0.897396,0.009846,0.036942,0.004684,0.508724,0.07678,0.065358,0.001234,164.0,0.0,0.899001,0.009954,0.050418,0.004687,0.691409,0.074729,0.069877,0.001294,164.0,0.0,0.936263,0.010047,0.045816,0.004682,0.66945,0.079153,0.066107,0.001197,164.0,0.0
ema,bull,abc,10,0.207627,0.003834,0.143167,0.001204,1.389714,0.024785,2.08698,0.038609,1.253293,0.047259,-0.019296,0.000155,-0.165794,0.00361,0.640558,0.003097,0.612954,0.003218,0.711143,0.002994,0.000352,4.9e-05,0.772276,0.006897,0.054413,0.003041,0.148557,0.035249,0.089878,0.000893,1105.0,0.0,0.788852,0.006871,0.0585,0.003376,0.263015,0.040672,0.086121,0.00091,1091.0,0.0,0.706902,0.006508,0.067591,0.003379,0.160123,0.035768,0.100251,0.000919,1092.0,0.0,0.765778,0.006703,0.056793,0.003366,0.164224,0.038205,0.091474,0.000874,1098.0,0.0
ema,bear,pso,10,0.043681,0.008176,0.230529,0.002348,0.299739,0.033824,0.443859,0.050245,0.244407,0.044729,-0.027909,0.000279,-0.178663,0.003375,0.627087,0.003234,0.602026,0.005299,0.702194,0.003142,0.001298,0.000274,0.940991,0.009111,0.039799,0.007886,0.613175,0.110754,0.061647,0.002189,164.0,0.0,0.900331,0.009001,0.036233,0.007898,0.493987,0.106501,0.065632,0.002094,164.0,0.0,0.901798,0.008976,0.049756,0.007871,0.675717,0.094553,0.070292,0.002177,164.0,0.0,0.939019,0.009205,0.045144,0.007884,0.650463,0.099733,0.066764,0.002308,164.0,0.0
ema,bear,gwo,10,0.046295,0.008948,0.230707,0.002349,0.310432,0.036737,0.460299,0.055405,0.261096,0.052487,-0.027952,0.000286,-0.177612,0.003095,0.625814,0.003491,0.602593,0.002845,0.703359,0.002162,0.001038,0.000263,0.942472,0.010225,0.042288,0.008579,0.664222,0.140257,0.060984,0.001623,164.0,0.0,0.90192,0.009855,0.03871,0.008577,0.542388,0.132776,0.064785,0.001765,164.0,0.0,0.903517,0.010096,0.052255,0.008593,0.723381,0.124447,0.069412,0.00189,164.0,0.0,0.940696,0.010249,0.047637,0.008589,0.698811,0.128394,0.066001,0.001644,164.0,0.0
ema,bull,acor,10,0.206306,0.004149,0.142504,0.001704,1.387787,0.021431,2.081744,0.033827,1.255099,0.047795,-0.019236,0.000203,-0.164582,0.006242,0.639883,0.004769,0.613065,0.005809,0.709173,0.002916,0.000353,6e-05,0.766326,0.014144,0.054281,0.002471,0.134794,0.040761,0.090335,0.00164,1105.0,0.0,0.78256,0.014025,0.058195,0.002825,0.245944,0.048719,0.086662,0.001567,1091.0,0.0,0.700632,0.013542,0.067308,0.002858,0.145708,0.041687,0.100874,0.001693,1092.0,0.0,0.759758,0.013872,0.056616,0.002865,0.15009,0.044025,0.09194,0.00154,1098.0,0.0
hmm,bull,xnes,10,0.126608,0.002214,0.118286,0.00067,1.067124,0.013674,1.548743,0.022227,1.054824,0.022216,-0.016594,8e-05,-0.120048,0.001662,0.633071,0.002006,0.61222,0.002392,0.712767,0.001438,0.00018,1.5e-05,0.759075,0.006874,0.025803,0.001358,-0.044275,0.022002,0.082766,0.000396,814.0,0.0,0.752933,0.005999,0.025495,0.00156,-0.047991,0.025631,0.080085,0.000353,801.0,0.0,0.6515,0.00624,0.034954,0.001521,-0.082738,0.021591,0.094419,0.000433,801.0,0.0,0.740091,0.006539,0.023378,0.001456,-0.114643,0.02375,0.084909,0.000382,807.0,0.0
hmm,bull,cma,10,0.124312,0.003406,0.118194,0.000848,1.05058,0.023577,1.521884,0.03548,1.027522,0.038802,-0.016586,9.2e-05,-0.121058,0.002891,0.63433,0.002867,0.61199,0.004406,0.70977,0.002176,0.000265,4.9e-05,0.753122,0.010193,0.024607,0.002289,-0.066554,0.036116,0.08363,0.000943,814.0,0.0,0.74717,0.00919,0.02389,0.003446,-0.07548,0.0481,0.081001,0.000818,801.0,0.0,0.645728,0.0095,0.033373,0.003277,-0.105759,0.040469,0.0953,0.000969,801.0,0.0,0.734416,0.010093,0.021941,0.002891,-0.138486,0.041208,0.085711,0.000944,807.0,0.0
ema,neutral,acor,10,0.069852,0.007058,0.182254,0.00108,0.461803,0.03687,0.632191,0.052348,0.44595,0.057353,-0.026613,0.000184,-0.157125,0.004273,0.630694,0.003852,0.607887,0.00342,0.705707,0.003736,0.000679,0.000143,0.881625,0.00574,-0.083023,0.006659,-1.601135,0.077644,0.065833,0.001275,297.0,0.0,0.863955,0.005685,-0.079237,0.006698,-1.564339,0.080498,0.067066,0.001188,297.0,0.0,0.838016,0.005567,-0.098218,0.006642,-1.735466,0.06579,0.076879,0.001266,297.0,0.0,0.874909,0.005771,-0.080108,0.006659,-1.473752,0.075343,0.070252,0.001205,297.0,0.0
hmm,neutral,cma,10,0.371169,0.006504,0.155875,0.001887,2.104116,0.022192,3.228294,0.038358,3.292632,0.091452,-0.020621,0.000185,-0.112792,0.002919,0.629834,0.00266,0.61223,0.002213,0.707117,0.001926,0.000421,0.000101,0.812474,0.013646,0.043378,0.002917,-0.257352,0.054159,0.086488,0.001568,523.0,0.0,0.80021,0.013104,0.059562,0.002905,-0.090808,0.0559,0.08601,0.001589,522.0,0.0,0.743848,0.013297,0.061274,0.002919,-0.314688,0.047114,0.096965,0.001769,523.0,0.0,0.801383,0.013559,0.050843,0.002919,-0.199903,0.053334,0.089005,0.001555,523.0,0.0
hmm,bull,lshade,10,0.126289,0.002257,0.118408,0.000626,1.063755,0.014134,1.543578,0.022761,1.046174,0.022171,-0.016591,8.5e-05,-0.120733,0.001509,0.634056,0.001926,0.616324,0.002432,0.711313,0.001375,0.000186,1.8e-05,0.758245,0.006647,0.025598,0.001398,-0.04779,0.022896,0.083084,0.00037,814.0,0.0,0.752191,0.005797,0.025034,0.001675,-0.054607,0.027135,0.080398,0.000308,801.0,0.0,0.650449,0.00602,0.034535,0.001624,-0.08822,0.02286,0.094752,0.000391,801.0,0.0,0.73931,0.006398,0.023057,0.00152,-0.119144,0.024756,0.085218,0.000349,807.0,0.0
hmm,bull,de,10,0.12624,0.002307,0.118297,0.000777,1.06427,0.013786,1.544455,0.022404,1.047992,0.021945,-0.01659,9.2e-05,-0.120475,0.001535,0.632926,0.001899,0.613865,0.002349,0.712363,0.001429,0.00018,1.5e-05,0.757998,0.007948,0.025613,0.001343,-0.048043,0.022917,0.082967,0.000373,814.0,0.0,0.751993,0.007008,0.025202,0.001539,-0.052899,0.02671,0.080276,0.000317,801.0,0.0,0.650419,0.007138,0.034682,0.001495,-0.086819,0.022491,0.094623,0.0004,801.0,0.0,0.739066,0.007595,0.023161,0.001403,-0.118458,0.024462,0.0851,0.000338,807.0,0.0
hmm,bull,pso,10,0.126238,0.002297,0.118327,0.000674,1.064012,0.013967,1.544347,0.022854,1.048147,0.021606,-0.016589,8.5e-05,-0.120454,0.001504,0.633057,0.001989,0.612578,0.002237,0.712567,0.001387,0.000182,1.3e-05,0.758516,0.006923,0.02553,0.001333,-0.048305,0.02272,0.082918,0.000376,814.0,0.0,0.752474,0.006076,0.0252,0.001566,-0.052248,0.02654,0.080226,0.000316,801.0,0.0,0.650944,0.006227,0.034673,0.001526,-0.086296,0.022364,0.094563,0.000396,801.0,0.0,0.739555,0.006629,0.02312,0.001445,-0.118272,0.024541,0.085053,0.000348,807.0,0.0
hmm,bull,gwo,10,0.126327,0.002372,0.118436,0.000738,1.063804,0.014512,1.544153,0.023493,1.045758,0.024867,-0.016598,8.3e-05,-0.120824,0.001679,0.632849,0.001812,0.615012,0.002,0.712487,0.001433,0.000174,1.6e-05,0.758861,0.007284,0.025584,0.00147,-0.047096,0.02426,0.083022,0.000413,814.0,0.0,0.752804,0.006316,0.025207,0.001723,-0.051608,0.028226,0.080333,0.000354,801.0,0.0,0.651185,0.006587,0.03469,0.001666,-0.085711,0.02378,0.094664,0.000434,801.0,0.0,0.739895,0.006985,0.023156,0.001566,-0.117189,0.025874,0.08516,0.000397,807.0,0.0
ema,neutral,abc,10,0.068433,0.009187,0.182264,0.002453,0.454624,0.048724,0.621671,0.067526,0.434457,0.067737,-0.026656,0.000249,-0.158136,0.005022,0.625799,0.004046,0.605441,0.00433,0.70358,0.003824,0.000618,0.000124,0.881216,0.011541,-0.084283,0.008983,-1.613348,0.09629,0.066128,0.001486,297.0,0.0,0.863649,0.011395,-0.080516,0.008992,-1.577814,0.098301,0.067305,0.001434,297.0,0.0,0.837744,0.011064,-0.099496,0.008986,-1.747848,0.080954,0.077072,0.001539,297.0,0.0,0.874659,0.01144,-0.081399,0.00896,-1.487945,0.093381,0.070444,0.00142,297.0,0.0
hmm,neutral,xnes,10,0.374129,0.010222,0.156838,0.0023,2.105685,0.03244,3.239684,0.056839,3.291118,0.101786,-0.020665,0.000191,-0.113729,0.002916,0.625929,0.003595,0.604257,0.004344,0.709115,0.003679,0.000496,0.000178,0.818616,0.014738,0.043519,0.004271,-0.231203,0.087629,0.086315,0.002181,523.0,0.0,0.806311,0.01429,0.059802,0.004245,-0.064114,0.086084,0.085761,0.002048,522.0,0.0,0.750213,0.014333,0.061284,0.004369,-0.292267,0.077219,0.096509,0.002324,523.0,0.0,0.8078,0.014587,0.050916,0.004382,-0.174603,0.085782,0.088733,0.002253,523.0,0.0
hmm,neutral,de,10,0.372149,0.010932,0.155588,0.001261,2.111918,0.040109,3.242888,0.072101,3.281787,0.116166,-0.020596,8e-05,-0.11343,0.001347,0.629428,0.002106,0.605571,0.003625,0.706516,0.002686,0.000394,8.8e-05,0.814059,0.009512,0.043472,0.005949,-0.25298,0.093048,0.085466,0.001285,523.0,0.0,0.80182,0.008966,0.059676,0.006151,-0.084531,0.093288,0.084948,0.001377,522.0,0.0,0.745929,0.009108,0.061177,0.006066,-0.311764,0.082543,0.095839,0.001415,523.0,0.0,0.80325,0.009355,0.050846,0.006017,-0.195153,0.090868,0.087922,0.001272,523.0,0.0
ema,bear,acor,10,0.047899,0.007489,0.230147,0.002637,0.317356,0.030542,0.470549,0.046319,0.270539,0.045407,-0.027883,0.000302,-0.177425,0.003315,0.625349,0.002979,0.601689,0.003013,0.703307,0.001685,0.000903,0.000159,0.939674,0.010387,0.043792,0.00714,0.683006,0.120694,0.061452,0.00134,164.0,0.0,0.899168,0.010056,0.040227,0.007132,0.559669,0.114436,0.065407,0.001177,164.0,0.0,0.900616,0.009955,0.053733,0.007158,0.73725,0.10822,0.070081,0.001276,164.0,0.0,0.937802,0.010215,0.049127,0.007152,0.715686,0.110797,0.066493,0.001354,164.0,0.0
hmm,bear,cma,10,-0.027147,0.003892,0.29525,0.001119,0.053021,0.013145,0.079093,0.019692,-0.099906,0.013478,-0.038528,0.000181,-0.271384,0.002616,0.628311,0.000763,0.605638,0.002328,0.705274,0.001139,0.000426,3.3e-05,0.911485,0.003429,-0.001394,0.003872,-0.031935,0.040434,0.095417,0.000824,229.0,0.0,0.921527,0.003485,0.004548,0.003863,0.040729,0.043641,0.088518,0.000811,229.0,0.0,0.893333,0.003364,0.005209,0.003861,0.038699,0.037692,0.102489,0.000855,229.0,0.0,0.913438,0.003337,0.017579,0.003842,0.184004,0.040249,0.096566,0.000858,229.0,0.0
hmm,neutral,lshade,10,0.370397,0.009825,0.156087,0.001519,2.097616,0.037102,3.223447,0.065786,3.272901,0.131634,-0.020604,0.000176,-0.113256,0.002719,0.630919,0.004831,0.606717,0.004031,0.708182,0.00233,0.000477,7.3e-05,0.814986,0.013693,0.041951,0.005314,-0.264527,0.08163,0.086076,0.001846,523.0,0.0,0.802814,0.01324,0.058272,0.005544,-0.095867,0.083397,0.085521,0.001913,522.0,0.0,0.746865,0.013529,0.059645,0.00549,-0.322151,0.072222,0.096341,0.002098,523.0,0.0,0.804185,0.013578,0.049327,0.005412,-0.206869,0.080317,0.088509,0.001813,523.0,0.0
ema,bear,abc,10,0.04711,0.010578,0.231482,0.003251,0.313155,0.042035,0.464351,0.064002,0.264999,0.061321,-0.02807,0.000332,-0.17807,0.002565,0.624855,0.005413,0.602145,0.004438,0.703679,0.003113,0.001175,0.000363,0.945516,0.013565,0.043139,0.010253,0.678492,0.175742,0.061175,0.001366,164.0,0.0,0.904885,0.013074,0.039547,0.010218,0.558538,0.169979,0.064804,0.001479,164.0,0.0,0.90646,0.013167,0.053137,0.010347,0.737328,0.158955,0.069492,0.00158,164.0,0.0,0.943705,0.013454,0.048505,0.010308,0.71115,0.159588,0.066228,0.001474,164.0,0.0
hmm,bear,xnes,10,-0.027051,0.003389,0.295152,0.001207,0.053275,0.011512,0.079465,0.017262,-0.099654,0.011801,-0.038524,0.000187,-0.271188,0.002346,0.627636,0.000811,0.605578,0.002132,0.705388,0.000884,0.000436,4.1e-05,0.911151,0.003608,-0.001316,0.003382,-0.031148,0.035329,0.095446,0.000696,229.0,0.0,0.921197,0.00367,0.004624,0.003376,0.041554,0.03819,0.088543,0.000718,229.0,0.0,0.892983,0.003549,0.005285,0.003375,0.039397,0.032983,0.102541,0.000738,229.0,0.0,0.913114,0.00353,0.017651,0.003363,0.184727,0.035345,0.096584,0.000746,229.0,0.0
hmm,neutral,pso,10,0.369233,0.009297,0.155582,0.001508,2.098443,0.031363,3.217752,0.057256,3.237337,0.107414,-0.0206,0.000157,-0.114111,0.002559,0.631386,0.002485,0.609894,0.004195,0.706716,0.00309,0.000457,7.5e-05,0.815501,0.010521,0.040846,0.00469,-0.279395,0.081357,0.085004,0.001225,523.0,0.0,0.803419,0.010183,0.057157,0.00487,-0.108534,0.08171,0.084403,0.00124,522.0,0.0,0.747513,0.010148,0.058488,0.004844,-0.335748,0.072114,0.095326,0.001347,523.0,0.0,0.804698,0.01031,0.048224,0.004791,-0.220528,0.079497,0.087466,0.001208,523.0,0.0
hmm,neutral,gwo,10,0.373604,0.007684,0.155526,0.001192,2.119771,0.028415,3.257253,0.05054,3.301684,0.101667,-0.020574,7.5e-05,-0.113207,0.00223,0.628357,0.002072,0.606399,0.003554,0.708536,0.001789,0.000436,9.5e-05,0.813673,0.010807,0.044675,0.003757,-0.240125,0.063854,0.085471,0.001447,523.0,0.0,0.801359,0.010374,0.060993,0.00391,-0.07039,0.065045,0.08498,0.001471,522.0,0.0,0.745679,0.010479,0.062335,0.003816,-0.300444,0.056059,0.095814,0.001602,523.0,0.0,0.802847,0.010706,0.052053,0.003826,-0.182654,0.06293,0.087933,0.001405,523.0,0.0
hmm,bull,abc,10,0.124987,0.005367,0.118162,0.001032,1.055768,0.036687,1.529158,0.055029,1.049826,0.05815,-0.016582,0.000135,-0.119163,0.002811,0.6367,0.004903,0.611148,0.00421,0.710853,0.003892,0.000301,5.4e-05,0.75495,0.01284,0.024871,0.003755,-0.060909,0.055219,0.083273,0.00149,814.0,0.0,0.749177,0.011318,0.023942,0.005061,-0.072182,0.071761,0.080556,0.001409,801.0,0.0,0.648024,0.012277,0.033382,0.004977,-0.103125,0.060562,0.094835,0.001539,801.0,0.0,0.736499,0.012576,0.021946,0.004522,-0.135969,0.062413,0.085299,0.001433,807.0,0.0
hmm,bear,de,10,-0.027598,0.0064,0.294129,0.001936,0.050527,0.021755,0.075429,0.032571,-0.101449,0.022007,-0.038349,0.000333,-0.271141,0.004535,0.628443,0.001002,0.604258,0.001802,0.704321,0.001426,0.000586,0.00013,0.908045,0.006406,-0.002135,0.006374,-0.04035,0.065912,0.095389,0.000721,229.0,0.0,0.918069,0.006465,0.003785,0.006357,0.031726,0.071023,0.088479,0.000787,229.0,0.0,0.889942,0.006311,0.004443,0.006355,0.030907,0.061371,0.102504,0.000851,229.0,0.0,0.910033,0.006322,0.016767,0.006323,0.175917,0.065641,0.09648,0.000728,229.0,0.0
hmm,bear,lshade,10,-0.027104,0.003507,0.295299,0.001176,0.053215,0.011745,0.079376,0.017615,-0.099781,0.012182,-0.038541,0.000192,-0.27135,0.002512,0.627896,0.000792,0.605597,0.002272,0.705327,0.000937,0.000437,4e-05,0.911572,0.003532,-0.001336,0.003457,-0.031261,0.035953,0.095484,0.00076,229.0,0.0,0.921612,0.003593,0.004607,0.003447,0.041401,0.03887,0.088593,0.000782,229.0,0.0,0.893404,0.003469,0.005268,0.003445,0.03927,0.033584,0.102564,0.000816,229.0,0.0,0.913529,0.003443,0.01764,0.003425,0.184523,0.035991,0.096629,0.000825,229.0,0.0
hmm,bull,acor,10,0.124335,0.00328,0.118382,0.000919,1.049298,0.023516,1.519951,0.034706,1.033763,0.040654,-0.016596,0.000135,-0.120347,0.002198,0.635462,0.00304,0.612943,0.004367,0.709104,0.001739,0.000266,3.7e-05,0.755503,0.012926,0.024241,0.002186,-0.067473,0.034734,0.083495,0.001437,814.0,0.0,0.74915,0.011371,0.023495,0.00281,-0.077377,0.041861,0.08088,0.001293,801.0,0.0,0.64782,0.011849,0.032957,0.002711,-0.107533,0.035145,0.095142,0.001433,801.0,0.0,0.736779,0.012497,0.021424,0.002505,-0.141192,0.036585,0.085556,0.001389,807.0,0.0
hmm,bear,pso,10,-0.02865,0.008373,0.294862,0.003062,0.04753,0.027584,0.07094,0.041249,-0.104645,0.028111,-0.03851,0.000561,-0.271906,0.008025,0.627806,0.002552,0.607166,0.003847,0.70489,0.001673,0.000897,0.000198,0.909621,0.009644,-0.003043,0.008172,-0.049413,0.083289,0.096107,0.001204,229.0,0.0,0.919636,0.009637,0.002887,0.008133,0.02127,0.089474,0.089275,0.001231,229.0,0.0,0.891401,0.00946,0.003547,0.008129,0.021894,0.077571,0.103243,0.001368,229.0,0.0,0.911672,0.009428,0.015892,0.008049,0.165508,0.082194,0.097137,0.001419,229.0,0.0
hmm,bear,gwo,10,-0.026755,0.003805,0.295251,0.001342,0.054385,0.012856,0.081133,0.019266,-0.098523,0.01317,-0.038527,0.00021,-0.271215,0.002738,0.62804,0.000834,0.605958,0.00223,0.705361,0.001138,0.000442,4.4e-05,0.9114,0.004172,-0.000989,0.003783,-0.027674,0.039457,0.095507,0.000742,229.0,0.0,0.921438,0.004257,0.004953,0.003774,0.045238,0.042596,0.08862,0.00076,229.0,0.0,0.89323,0.004128,0.005613,0.003773,0.042595,0.036795,0.102592,0.000787,229.0,0.0,0.913356,0.004088,0.017982,0.003756,0.188012,0.039314,0.096652,0.000773,229.0,0.0
hmm,neutral,abc,10,0.3695,0.010071,0.155608,0.001921,2.099285,0.029549,3.221739,0.052067,3.26369,0.127755,-0.020597,0.00013,-0.113279,0.00221,0.628296,0.001603,0.60992,0.004052,0.707354,0.001953,0.000413,8.8e-05,0.81137,0.012591,0.042488,0.004164,-0.272673,0.086074,0.086355,0.001341,523.0,0.0,0.799289,0.011814,0.058641,0.004277,-0.105604,0.084794,0.08583,0.001282,522.0,0.0,0.743154,0.011908,0.060246,0.004336,-0.328655,0.076114,0.09676,0.001449,523.0,0.0,0.800549,0.012206,0.049854,0.004339,-0.214981,0.084258,0.088797,0.001313,523.0,0.0
hmm,neutral,acor,10,0.369261,0.013833,0.155742,0.003043,2.096167,0.036318,3.215422,0.068374,3.238035,0.146938,-0.0206,0.00031,-0.114098,0.002139,0.631687,0.003409,0.610742,0.004647,0.70738,0.003936,0.000507,9.9e-05,0.813073,0.024496,0.041717,0.004947,-0.273746,0.114606,0.086071,0.002563,523.0,0.0,0.800941,0.024189,0.057905,0.005108,-0.105942,0.115329,0.085526,0.002831,522.0,0.0,0.744907,0.02399,0.059443,0.005146,-0.329979,0.100144,0.096414,0.003044,523.0,0.0,0.802143,0.024168,0.049128,0.005034,-0.215768,0.11286,0.08855,0.002511,523.0,0.0
hmm,bear,abc,10,-0.029968,0.005641,0.293384,0.002303,0.041594,0.019323,0.062014,0.028861,-0.110548,0.019573,-0.038265,0.000359,-0.270528,0.004108,0.627808,0.00225,0.603462,0.00243,0.703307,0.002377,0.000813,0.000152,0.9054,0.007563,-0.004734,0.00568,-0.067603,0.059226,0.095727,0.001321,229.0,0.0,0.915494,0.007655,0.001168,0.005675,0.002055,0.064514,0.088744,0.001455,229.0,0.0,0.887312,0.007504,0.001826,0.005674,0.005225,0.05559,0.102868,0.001565,229.0,0.0,0.907419,0.007496,0.014114,0.005665,0.148245,0.059882,0.096762,0.001469,229.0,0.0
hmm,bear,acor,10,-0.027548,0.003496,0.295181,0.001153,0.051571,0.011793,0.076923,0.017672,-0.101395,0.012069,-0.038518,0.00018,-0.271411,0.002484,0.628454,0.000793,0.605416,0.002274,0.70497,0.000909,0.00044,4.5e-05,0.911217,0.003489,-0.00182,0.003474,-0.036439,0.036265,0.09547,0.000836,229.0,0.0,0.921257,0.003569,0.004121,0.003465,0.03583,0.039138,0.088576,0.000847,229.0,0.0,0.893064,0.003458,0.004781,0.003464,0.034465,0.033799,0.102546,0.000877,229.0,0.0,0.913171,0.003415,0.017148,0.003446,0.17944,0.036086,0.096616,0.000874,229.0,0.0
