detector,regime,baseline,n_eval_ok,annual_return_mean,annual_return_std,annual_volatility_mean,annual_volatility_std,sharpe_mean,sharpe_std,sortino_mean,sortino_std,calmar_mean,calmar_std,cvar_5_mean,cvar_5_std,max_drawdown_mean,max_drawdown_std,avg_esg_E_mean,avg_esg_E_std,avg_esg_S_mean,avg_esg_S_std,avg_esg_G_mean,avg_esg_G_std,avg_turnover_mean,avg_turnover_std,beta_SPY_mean,beta_SPY_std,alpha_SPY_mean,alpha_SPY_std,ir_SPY_mean,ir_SPY_std,te_SPY_mean,te_SPY_std,cov_SPY_mean,cov_SPY_std,beta_SUSA_mean,beta_SUSA_std,alpha_SUSA_mean,alpha_SUSA_std,ir_SUSA_mean,ir_SUSA_std,te_SUSA_mean,te_SUSA_std,cov_SUSA_mean,cov_SUSA_std,beta_DSI_mean,beta_DSI_std,alpha_DSI_mean,alpha_DSI_std,ir_DSI_mean,ir_DSI_std,te_DSI_mean,te_DSI_std,cov_DSI_mean,cov_DSI_std,beta_SPYX_mean,beta_SPYX_std,alpha_SPYX_mean,alpha_SPYX_std,ir_SPYX_mean,ir_SPYX_std,te_SPYX_mean,te_SPYX_std,cov_SPYX_mean,cov_SPYX_std
hmm,bear,default,10,-0.028178,0.002597,0.29505,0.00113,0.049234,0.009711,0.073407,0.014512,-0.10374,0.009204,-0.038516,0.000126,-0.271542,0.00132,0.627461,0.00105,0.604683,0.001365,0.704546,0.000578,0.000594,9.8e-05,0.910761,0.003382,-0.002495,0.002853,-0.043614,0.030326,0.095521,0.000369,229.0,0.0,0.920808,0.003385,0.003443,0.002869,0.028046,0.032561,0.088619,0.000458,229.0,0.0,0.892598,0.003374,0.004103,0.00287,0.027755,0.028161,0.102614,0.00038,229.0,0.0,0.912701,0.003384,0.016464,0.002903,0.172181,0.029735,0.096676,0.000396,229.0,0.0
hmm,bear,return_only,10,-0.030723,0.002533,0.295555,0.001097,0.040816,0.008374,0.060841,0.012525,-0.112634,0.008784,-0.038586,0.000189,-0.272671,0.001658,0.626907,0.000938,0.602841,0.001577,0.70361,0.000682,0.002296,0.000374,0.912448,0.00361,-0.005001,0.002484,-0.069643,0.02593,0.095404,0.000673,229.0,0.0,0.922454,0.003604,0.000948,0.002472,7.4e-05,0.027771,0.08855,0.000742,229.0,0.0,0.894307,0.003528,0.001608,0.002471,0.003591,0.02399,0.102442,0.000685,229.0,0.0,0.914412,0.003554,0.013993,0.002447,0.146763,0.025238,0.096551,0.000637,229.0,0.0
ema,bear,default,10,0.045979,0.003527,0.229535,0.000877,0.309719,0.014844,0.458924,0.022237,0.259945,0.021626,-0.027839,0.00011,-0.176974,0.001407,0.626907,0.001101,0.602947,0.001201,0.704102,0.001011,0.000621,7.2e-05,0.938052,0.003483,0.041886,0.003346,0.659274,0.053177,0.060597,0.000314,164.0,0.0,0.89761,0.003396,0.038327,0.003352,0.534762,0.049548,0.064667,0.000391,164.0,0.0,0.899201,0.003449,0.051807,0.003333,0.716814,0.045646,0.069247,0.000396,164.0,0.0,0.936307,0.003518,0.047208,0.003339,0.694927,0.048866,0.065585,0.000337,164.0,0.0
ema,bear,return_only,10,0.044708,0.003037,0.229892,0.001079,0.304298,0.012682,0.450556,0.019096,0.251697,0.018365,-0.027878,0.000142,-0.177692,0.001216,0.62664,0.00138,0.601323,0.001644,0.703134,0.000684,0.001974,0.000159,0.939126,0.004404,0.04072,0.002901,0.636864,0.047057,0.060959,0.000358,164.0,0.0,0.898494,0.004296,0.037163,0.002903,0.51391,0.044105,0.065101,0.000388,164.0,0.0,0.900125,0.004319,0.050655,0.002899,0.696699,0.041147,0.069631,0.000391,164.0,0.0,0.937356,0.004431,0.046049,0.0029,0.673999,0.043407,0.065949,0.00035,164.0,0.0
crossover,bear,default,10,0.117049,0.003036,0.233498,0.001139,0.590711,0.011814,0.84362,0.017175,0.558203,0.017277,-0.031684,0.000147,-0.209727,0.001776,0.627055,0.001292,0.604127,0.00231,0.704076,0.000955,0.000614,7.4e-05,0.967437,0.004657,-0.013015,0.002765,-0.274832,0.041475,0.065845,0.0005,228.0,0.0,0.932117,0.004439,-0.021783,0.002769,-0.47484,0.038815,0.070373,0.000492,228.0,0.0,0.930393,0.004541,-0.011878,0.002766,-0.307366,0.036353,0.075111,0.000484,228.0,0.0,0.966134,0.004617,-0.009183,0.002763,-0.205029,0.039087,0.069949,0.000528,228.0,0.0
crossover,bear,return_only,10,0.116697,0.002362,0.233243,0.000687,0.58975,0.009301,0.842341,0.013826,0.557642,0.013652,-0.031665,0.000115,-0.209294,0.001392,0.626337,0.001064,0.603794,0.001806,0.704008,0.000704,0.001858,0.000331,0.96651,0.002841,-0.013244,0.002156,-0.281127,0.031342,0.065687,0.000741,228.0,0.0,0.931361,0.002771,-0.022028,0.002175,-0.481784,0.029657,0.070134,0.000708,228.0,0.0,0.929531,0.002829,-0.012114,0.002163,-0.312951,0.027684,0.074961,0.000762,228.0,0.0,0.9652,0.002837,-0.009415,0.002155,-0.210765,0.029672,0.0698,0.00073,228.0,0.0
crossover,neutral,default,10,0.073038,0.003699,0.169166,0.001048,0.500905,0.020028,0.725068,0.029867,0.419355,0.023602,-0.022295,8.2e-05,-0.174231,0.001614,0.626922,0.001976,0.605259,0.00167,0.705552,0.0009,0.000397,5.9e-05,0.82572,0.00567,-0.048143,0.003329,-0.971143,0.043382,0.078451,0.000544,234.0,0.0,0.812366,0.00557,-0.023476,0.003355,-0.627188,0.044525,0.077278,0.000594,234.0,0.0,0.774473,0.005639,-0.058984,0.003353,-1.142369,0.038847,0.088269,0.000618,234.0,0.0,0.816805,0.005659,-0.045265,0.003341,-0.903446,0.041703,0.082375,0.000497,234.0,0.0
crossover,neutral,return_only,10,0.072438,0.001552,0.169129,0.001096,0.497751,0.009703,0.720354,0.014114,0.4159,0.010207,-0.022298,0.000113,-0.174189,0.001344,0.625804,0.001323,0.603983,0.001237,0.704869,0.000979,0.00042,6e-05,0.825054,0.006526,-0.048596,0.001973,-0.975743,0.020235,0.078665,0.000627,234.0,0.0,0.811648,0.006357,-0.023941,0.001831,-0.632461,0.019698,0.077535,0.000679,234.0,0.0,0.773588,0.006291,-0.05938,0.002064,-1.144802,0.019591,0.088579,0.00072,234.0,0.0,0.816119,0.00649,-0.045717,0.001966,-0.908007,0.019008,0.082587,0.000587,234.0,0.0
ema,neutral,default,10,0.066928,0.003026,0.182314,0.000965,0.44668,0.015474,0.611185,0.021541,0.424991,0.020825,-0.026608,0.000106,-0.157521,0.001869,0.626824,0.001912,0.604604,0.001449,0.705126,0.001658,0.000357,7.6e-05,0.881493,0.005433,-0.085707,0.002693,-1.63685,0.032263,0.066082,0.000659,297.0,0.0,0.864045,0.005308,-0.081963,0.002726,-1.602586,0.034554,0.067182,0.000672,297.0,0.0,0.837993,0.005402,-0.100922,0.002691,-1.767542,0.027706,0.077039,0.000713,297.0,0.0,0.874873,0.005504,-0.082811,0.002691,-1.509085,0.031245,0.070434,0.000652,297.0,0.0
ema,neutral,return_only,10,0.066132,0.002251,0.182425,0.000522,0.442443,0.011681,0.605463,0.016275,0.42026,0.017673,-0.026595,5.2e-05,-0.15742,0.001729,0.626668,0.001125,0.602533,0.001171,0.703987,0.000847,0.000418,3.5e-05,0.882192,0.002629,-0.086565,0.002103,-1.650337,0.026428,0.065985,0.000331,297.0,0.0,0.864736,0.002568,-0.082819,0.002101,-1.616006,0.026118,0.067075,0.000339,297.0,0.0,0.83862,0.002553,-0.101783,0.002098,-1.778566,0.022266,0.076971,0.000319,297.0,0.0,0.875467,0.002624,-0.083647,0.002098,-1.520192,0.025146,0.0704,0.000319,297.0,0.0
hmm,neutral,default,10,0.372357,0.003943,0.15581,0.000797,2.110484,0.01385,3.240516,0.025143,3.28601,0.043008,-0.020618,6.3e-05,-0.113324,0.001058,0.62854,0.001317,0.606401,0.001296,0.70651,0.001211,0.00032,3.3e-05,0.816023,0.005961,0.042998,0.00225,-0.251478,0.034176,0.085254,0.000545,523.0,0.0,0.803745,0.005799,0.059211,0.002321,-0.082843,0.034292,0.08472,0.000584,522.0,0.0,0.747746,0.005746,0.06074,0.002259,-0.310555,0.030116,0.095623,0.000631,523.0,0.0,0.805145,0.005878,0.050405,0.002259,-0.193473,0.033379,0.08773,0.000528,523.0,0.0
hmm,neutral,return_only,10,0.374639,0.002577,0.156565,0.000579,2.11168,0.006047,3.247258,0.011871,3.313894,0.03152,-0.020664,4.9e-05,-0.113056,0.000798,0.627043,0.001131,0.604822,0.001915,0.705447,0.001118,0.000817,0.000128,0.818414,0.003791,0.043942,0.001072,-0.228968,0.022764,0.08588,0.000337,523.0,0.0,0.805831,0.003556,0.060239,0.001054,-0.061954,0.021931,0.085419,0.000356,522.0,0.0,0.749583,0.003515,0.061862,0.00114,-0.290039,0.020234,0.096267,0.000376,523.0,0.0,0.807325,0.00365,0.051432,0.001128,-0.17193,0.022225,0.088397,0.000339,523.0,0.0
crossover,bull,default,10,0.183753,0.001087,0.142253,0.000693,1.257203,0.005463,1.885325,0.008899,1.086094,0.009217,-0.019073,8.3e-05,-0.169195,0.001272,0.631211,0.00137,0.611923,0.001895,0.709687,0.001286,0.000598,0.00014,0.772043,0.005487,0.046448,0.000862,0.100595,0.011434,0.088708,0.000522,1104.0,0.0,0.786044,0.005483,0.051125,0.000825,0.214302,0.01316,0.085015,0.00053,1090.0,0.0,0.70404,0.005235,0.061458,0.000816,0.152811,0.011081,0.099729,0.000542,1091.0,0.0,0.765616,0.005426,0.048643,0.000863,0.116346,0.011624,0.090416,0.000503,1097.0,0.0
crossover,bull,return_only,10,0.182198,0.001568,0.142143,0.000382,1.248808,0.009608,1.87241,0.015034,1.064771,0.01481,-0.019081,4.8e-05,-0.171129,0.001102,0.627006,0.001643,0.605288,0.001078,0.706022,0.001098,0.00064,0.000211,0.768767,0.003168,0.045767,0.001195,0.086205,0.015296,0.089386,0.000583,1104.0,0.0,0.782437,0.003126,0.050285,0.001215,0.196124,0.016283,0.08579,0.000586,1090.0,0.0,0.700536,0.00309,0.060589,0.001165,0.137619,0.013876,0.100454,0.000595,1091.0,0.0,0.762314,0.003114,0.047842,0.001174,0.100843,0.014839,0.091063,0.000566,1097.0,0.0
ema,bull,default,10,0.20333,0.002127,0.142607,0.000737,1.369531,0.010241,2.052145,0.017019,1.197593,0.017454,-0.019294,8.2e-05,-0.169796,0.001343,0.629009,0.001153,0.610525,0.001613,0.709204,0.001401,0.000684,0.000167,0.766086,0.005076,0.051977,0.001391,0.108045,0.019756,0.090575,0.000465,1105.0,0.0,0.78268,0.005047,0.055861,0.001559,0.218297,0.022287,0.086813,0.000474,1091.0,0.0,0.699995,0.004869,0.06506,0.001564,0.121487,0.019568,0.101194,0.000496,1092.0,0.0,0.759436,0.004965,0.054422,0.001527,0.124841,0.020996,0.092188,0.000455,1098.0,0.0
ema,bull,return_only,10,0.202,0.001516,0.142411,0.00044,1.363473,0.009987,2.042528,0.014963,1.182458,0.015183,-0.019282,4.8e-05,-0.170843,0.001136,0.627426,0.001263,0.607099,0.001108,0.707156,0.000702,0.000651,0.00016,0.763532,0.003075,0.05137,0.001274,0.09591,0.014258,0.090915,0.000617,1105.0,0.0,0.779817,0.003031,0.05525,0.001391,0.204703,0.016547,0.087226,0.00063,1091.0,0.0,0.697241,0.003015,0.064425,0.001372,0.109987,0.014032,0.101596,0.000646,1092.0,0.0,0.756934,0.003053,0.053735,0.001358,0.112175,0.014759,0.092495,0.000622,1098.0,0.0
hmm,bull,default,10,0.124289,0.001488,0.118142,0.000634,1.050856,0.00729,1.523242,0.012171,1.022544,0.015401,-0.016587,7.7e-05,-0.121561,0.00129,0.629873,0.002095,0.612131,0.002851,0.709927,0.001556,0.000223,3.1e-05,0.752682,0.007476,0.024656,0.000703,-0.066873,0.015434,0.083644,0.000491,814.0,0.0,0.747023,0.006622,0.024008,0.000693,-0.074469,0.016453,0.08097,0.000467,801.0,0.0,0.645035,0.006695,0.033559,0.000698,-0.104856,0.013813,0.095372,0.000518,801.0,0.0,0.733838,0.007085,0.022145,0.000655,-0.137175,0.015327,0.085753,0.000449,807.0,0.0
hmm,bull,return_only,10,0.122417,0.001361,0.118242,0.000252,1.035989,0.010272,1.500791,0.015823,0.998164,0.018128,-0.016616,3.1e-05,-0.122658,0.000946,0.626296,0.001065,0.606123,0.000894,0.706674,0.000825,0.000184,1.8e-05,0.749915,0.003259,0.023552,0.001174,-0.083532,0.014688,0.084254,0.000309,814.0,0.0,0.744669,0.002916,0.022749,0.001137,-0.092843,0.01421,0.081561,0.0003,801.0,0.0,0.642346,0.003012,0.03235,0.001101,-0.120267,0.011983,0.095974,0.000335,801.0,0.0,0.731203,0.003143,0.021057,0.001143,-0.152785,0.013687,0.086322,0.000304,807.0,0.0
