detector,regime,optimizer,A,ACN,BAC,BAX,BBY,BDX,BG,C,CAT,CBRE,CCL,CL,CRH,CSCO,D,DIS,DOC,EIX,F,FCX,FDX,FLEX,GILD,GOOGL,HAS,HST,HSY,IFF,INTC,JCI,JNJ,JPM,LIN,MMM,MSFT,NEM,OMC,PCG,PEP,SPGI,SRE,STT,T,TGT,VTR,VZ,WM,WY,XEL,YUM
crossover,bear,xnes,0.019535,0.021224,0.019502,0.021378,0.019749,0.018003,0.020339,0.019793,0.019622,0.020023,0.020232,0.019556,0.020962,0.020608,0.019076,0.018184,0.019267,0.020503,0.017686,0.020264,0.021006,0.020459,0.01903,0.021,0.023272,0.020135,0.019971,0.020236,0.018491,0.021741,0.020555,0.020536,0.024134,0.018622,0.021399,0.020666,0.020127,0.021884,0.021155,0.02106,0.017508,0.020087,0.017777,0.019053,0.01962,0.019216,0.018558,0.019002,0.019299,0.018896
crossover,neutral,xnes,0.020606,0.01925,0.018823,0.020791,0.019898,0.022038,0.019725,0.01902,0.017169,0.022715,0.023358,0.018206,0.022457,0.02113,0.018897,0.018956,0.018961,0.017707,0.018385,0.01843,0.019364,0.018861,0.017266,0.0196,0.021915,0.020945,0.020082,0.020136,0.023174,0.022153,0.021216,0.017464,0.021627,0.019785,0.020284,0.021269,0.019974,0.01871,0.02163,0.020819,0.021498,0.017876,0.021282,0.018153,0.019081,0.021083,0.017446,0.019626,0.019265,0.021891
crossover,bull,xnes,0.025563,0.016787,0.018022,0.016684,0.019693,0.022749,0.017046,0.027495,0.017245,0.019778,0.020147,0.027338,0.020063,0.018129,0.017581,0.014527,0.018781,0.015345,0.024154,0.031146,0.016302,0.022991,0.017827,0.014669,0.022884,0.016775,0.022539,0.026767,0.01729,0.021597,0.026314,0.016173,0.019507,0.024698,0.017423,0.026096,0.012937,0.017512,0.02174,0.024362,0.021665,0.013767,0.020475,0.016048,0.017057,0.020874,0.019017,0.018677,0.017178,0.020565
crossover,neutral,cma,0.022281,0.018634,0.019304,0.020885,0.016899,0.019176,0.019733,0.020688,0.020513,0.022578,0.021159,0.019166,0.021569,0.021605,0.024133,0.019867,0.018734,0.017845,0.019023,0.020139,0.020015,0.018398,0.018632,0.019598,0.020654,0.019388,0.020149,0.020251,0.021279,0.018572,0.020832,0.020143,0.020912,0.018296,0.021704,0.020941,0.021712,0.020927,0.021333,0.020693,0.019166,0.019117,0.019685,0.019451,0.017896,0.020039,0.018109,0.018983,0.018184,0.021011
crossover,bear,cma,0.019273,0.01841,0.01723,0.020061,0.020415,0.019346,0.020761,0.019704,0.020521,0.019565,0.020127,0.022006,0.022228,0.022696,0.018923,0.018311,0.01852,0.020219,0.018452,0.022238,0.020355,0.021324,0.019412,0.021136,0.024488,0.020859,0.019818,0.021795,0.020438,0.018014,0.022157,0.01986,0.019807,0.018523,0.023109,0.022127,0.018186,0.019785,0.019821,0.018678,0.017267,0.022162,0.019567,0.019532,0.018095,0.018954,0.017306,0.018187,0.019789,0.020438
crossover,bull,cma,0.018759,0.02084,0.017849,0.019143,0.021474,0.019087,0.020385,0.017667,0.017709,0.020741,0.0209,0.028142,0.021511,0.020326,0.017238,0.016464,0.017498,0.017006,0.025423,0.018851,0.017302,0.022041,0.019986,0.024291,0.019164,0.020701,0.018086,0.019975,0.023269,0.022249,0.024239,0.016597,0.020302,0.021421,0.018583,0.02507,0.015704,0.018192,0.021107,0.01674,0.019295,0.018154,0.020224,0.0181,0.019769,0.017019,0.020278,0.02017,0.02092,0.024037
crossover,bear,pso,0.018411,0.020197,0.019066,0.020975,0.019712,0.018658,0.020409,0.021599,0.018841,0.022303,0.020992,0.018611,0.022922,0.020703,0.018634,0.019093,0.018469,0.020139,0.017189,0.019537,0.019612,0.019406,0.019886,0.020132,0.024673,0.018479,0.020266,0.021065,0.018033,0.020876,0.020953,0.018911,0.02008,0.020252,0.022061,0.020274,0.018305,0.021008,0.019811,0.019455,0.01892,0.021017,0.019517,0.020511,0.019924,0.02015,0.019786,0.020648,0.021255,0.018274
crossover,neutral,gwo,0.021005,0.020715,0.01924,0.020979,0.018108,0.019914,0.020754,0.019339,0.01927,0.021507,0.021252,0.020841,0.021633,0.022706,0.020526,0.020381,0.020976,0.018127,0.019614,0.019157,0.018841,0.019163,0.018699,0.018122,0.019846,0.019702,0.019372,0.01654,0.021467,0.018781,0.021373,0.020503,0.019976,0.017637,0.020454,0.024376,0.018549,0.021434,0.020839,0.022703,0.020658,0.018587,0.019105,0.021469,0.017495,0.021799,0.017703,0.018487,0.018245,0.022029
crossover,neutral,pso,0.0225,0.01854,0.020066,0.020316,0.019048,0.018788,0.018779,0.021614,0.018802,0.022649,0.020694,0.020688,0.02401,0.023262,0.021992,0.019823,0.015056,0.019471,0.018676,0.017685,0.017504,0.022131,0.018791,0.022447,0.021131,0.020198,0.020676,0.018787,0.02279,0.019426,0.021166,0.018709,0.020662,0.020001,0.020482,0.018634,0.02003,0.021584,0.019984,0.019349,0.022659,0.018961,0.019776,0.021182,0.018029,0.01903,0.016437,0.019629,0.016848,0.020507
crossover,neutral,lshade,0.020598,0.019197,0.019099,0.020806,0.019187,0.019558,0.018624,0.017769,0.020714,0.022548,0.020027,0.018885,0.021311,0.018427,0.020175,0.018546,0.018978,0.017902,0.022819,0.01748,0.020235,0.01872,0.019443,0.019269,0.023313,0.020865,0.021347,0.02119,0.022615,0.020038,0.022828,0.017029,0.020576,0.01961,0.020573,0.020877,0.021511,0.021245,0.02098,0.018823,0.020677,0.021045,0.019034,0.017996,0.018097,0.018734,0.017898,0.019964,0.019743,0.023074
crossover,bull,pso,0.018211,0.018322,0.015696,0.018048,0.021415,0.016687,0.019934,0.02112,0.017317,0.024871,0.018892,0.028618,0.02271,0.019641,0.017643,0.015675,0.019645,0.018173,0.021661,0.018623,0.018969,0.025887,0.020632,0.022158,0.019472,0.018422,0.015989,0.020277,0.02638,0.021785,0.02362,0.016415,0.022002,0.022045,0.018503,0.024955,0.016348,0.021272,0.020825,0.019195,0.017388,0.018486,0.016807,0.017941,0.0202,0.019014,0.019851,0.018457,0.01946,0.024343
crossover,bull,de,0.018079,0.019636,0.01684,0.018615,0.021015,0.017501,0.019963,0.019875,0.018966,0.021243,0.02025,0.028052,0.02272,0.022152,0.017784,0.015503,0.0196,0.017132,0.024016,0.019829,0.017535,0.023712,0.018551,0.021835,0.020393,0.019077,0.01749,0.02096,0.021945,0.021485,0.02455,0.016914,0.022171,0.019616,0.018308,0.026059,0.016109,0.018649,0.02121,0.019626,0.019803,0.016346,0.018483,0.018052,0.019584,0.0188,0.020085,0.02029,0.02055,0.023041
crossover,bear,lshade,0.019246,0.019964,0.021145,0.018632,0.021107,0.020066,0.021563,0.021804,0.019451,0.019185,0.020932,0.018841,0.021298,0.019052,0.020685,0.018845,0.01963,0.018198,0.018103,0.019586,0.021963,0.020049,0.019592,0.020189,0.023113,0.019228,0.02212,0.021205,0.018094,0.020024,0.021542,0.020332,0.022018,0.018655,0.020792,0.019547,0.019196,0.020382,0.019371,0.020242,0.018998,0.020575,0.018876,0.019326,0.019729,0.01978,0.019873,0.020081,0.019178,0.018597
crossover,bear,de,0.02062,0.020517,0.019452,0.019746,0.020112,0.019013,0.022781,0.020649,0.018621,0.020237,0.021397,0.018658,0.022671,0.021306,0.020008,0.018157,0.018544,0.021307,0.019007,0.020017,0.021504,0.021534,0.018357,0.019752,0.023541,0.01796,0.018162,0.020269,0.017658,0.019146,0.022255,0.020649,0.021228,0.017481,0.021617,0.021936,0.019001,0.022836,0.018723,0.018794,0.01951,0.019046,0.021609,0.017961,0.019725,0.019653,0.017112,0.021215,0.020585,0.018363
crossover,neutral,de,0.019634,0.018407,0.018402,0.021156,0.017516,0.017827,0.019936,0.021987,0.017535,0.023663,0.019942,0.01971,0.021905,0.02032,0.02035,0.020513,0.01886,0.019728,0.020343,0.019928,0.017362,0.020526,0.019,0.020689,0.017861,0.022624,0.02053,0.020208,0.022349,0.019005,0.022587,0.020138,0.019303,0.017453,0.019767,0.021647,0.019026,0.021648,0.021965,0.019103,0.020052,0.019301,0.020989,0.022496,0.018779,0.020299,0.017676,0.020004,0.019392,0.020558
crossover,bull,lshade,0.018338,0.019934,0.018121,0.019947,0.020562,0.01867,0.020236,0.018187,0.018321,0.018002,0.020883,0.029721,0.021221,0.025198,0.017124,0.015734,0.018609,0.016304,0.025785,0.020337,0.016676,0.022261,0.020247,0.022865,0.021012,0.020469,0.016483,0.018784,0.024128,0.023318,0.022262,0.017242,0.019446,0.022646,0.017325,0.027169,0.016525,0.017972,0.019892,0.017698,0.019205,0.016315,0.020773,0.017859,0.019056,0.018336,0.018474,0.020884,0.020984,0.02246
crossover,bull,gwo,0.019014,0.021364,0.016547,0.020566,0.020513,0.016655,0.019282,0.020336,0.018349,0.019189,0.019018,0.022626,0.022038,0.022176,0.016705,0.016112,0.01856,0.016251,0.024964,0.019383,0.017886,0.021478,0.018488,0.024931,0.01902,0.021045,0.020234,0.019703,0.02647,0.021427,0.024469,0.018347,0.024098,0.020967,0.019092,0.026372,0.019206,0.019386,0.021095,0.016261,0.0186,0.018925,0.020018,0.020501,0.017882,0.018008,0.01768,0.018306,0.019535,0.020927
crossover,neutral,abc,0.019938,0.020842,0.019701,0.020524,0.01854,0.019703,0.020452,0.021135,0.020519,0.023033,0.020283,0.020146,0.020933,0.022304,0.021309,0.019263,0.018869,0.019546,0.020418,0.019254,0.017986,0.018288,0.019462,0.020322,0.020372,0.021217,0.019613,0.019378,0.022483,0.02,0.020069,0.018219,0.019801,0.018498,0.020838,0.02123,0.017952,0.020427,0.019974,0.023178,0.019528,0.01999,0.01995,0.021112,0.018899,0.019912,0.01628,0.020416,0.018127,0.019767
ema,bull,cma,0.020332,0.021554,0.018551,0.018153,0.017974,0.019219,0.018131,0.018826,0.019994,0.017853,0.020066,0.024907,0.024344,0.02435,0.018492,0.015536,0.017304,0.016619,0.02759,0.020849,0.017065,0.022995,0.018473,0.024973,0.020356,0.020409,0.017267,0.019087,0.024459,0.022312,0.023098,0.018928,0.023326,0.021718,0.019664,0.02486,0.016004,0.018057,0.019344,0.015991,0.020149,0.017198,0.02044,0.01795,0.016756,0.019474,0.017812,0.020055,0.019215,0.021919
ema,bull,xnes,0.019068,0.020955,0.018357,0.019136,0.017969,0.018563,0.018176,0.017864,0.019531,0.018946,0.020712,0.025657,0.022953,0.025673,0.015505,0.014925,0.016201,0.015425,0.0319,0.017509,0.016596,0.020644,0.020866,0.0275,0.021607,0.019816,0.016567,0.016959,0.028044,0.021318,0.022722,0.017087,0.023153,0.021548,0.020609,0.025709,0.016648,0.020351,0.020957,0.015785,0.018327,0.016241,0.024527,0.020615,0.016325,0.017394,0.017081,0.020101,0.02006,0.019821
crossover,neutral,acor,0.021711,0.019882,0.019415,0.018795,0.018936,0.020028,0.020257,0.018628,0.018126,0.02144,0.020768,0.017985,0.02222,0.023415,0.023087,0.021369,0.018405,0.019091,0.018596,0.019565,0.019866,0.019248,0.019241,0.020241,0.020023,0.021073,0.021009,0.020321,0.021823,0.020002,0.0203,0.019375,0.020101,0.018489,0.018413,0.021526,0.019643,0.019963,0.019293,0.022081,0.019567,0.019895,0.019993,0.021644,0.018616,0.019502,0.016374,0.019991,0.019277,0.021392
crossover,bear,acor,0.018447,0.018565,0.020975,0.017454,0.018381,0.020966,0.021394,0.021199,0.019198,0.019504,0.021068,0.019403,0.022462,0.022444,0.018347,0.01932,0.019034,0.019398,0.019417,0.020724,0.022632,0.019135,0.019156,0.021419,0.02461,0.0201,0.022523,0.020244,0.016675,0.019923,0.020936,0.019444,0.021332,0.018357,0.020634,0.020659,0.019708,0.01945,0.020319,0.021982,0.019132,0.019525,0.018803,0.019153,0.019796,0.01901,0.019048,0.019828,0.021423,0.017344
crossover,bear,gwo,0.019707,0.020095,0.018898,0.01834,0.018712,0.019414,0.020336,0.022911,0.019701,0.020058,0.020281,0.019794,0.020213,0.021897,0.0182,0.019465,0.018207,0.019564,0.018103,0.022344,0.020956,0.020614,0.017826,0.020338,0.024793,0.018157,0.021222,0.020298,0.017771,0.020217,0.020099,0.018722,0.021632,0.018454,0.022444,0.021637,0.017386,0.020245,0.020392,0.022966,0.019208,0.021707,0.016877,0.020565,0.019582,0.020382,0.017846,0.021627,0.020125,0.019676
ema,neutral,cma,0.022685,0.020014,0.019045,0.018571,0.020828,0.017996,0.019078,0.020739,0.016851,0.021549,0.016749,0.020793,0.021436,0.021335,0.022291,0.018776,0.019949,0.020669,0.01865,0.023085,0.019001,0.017953,0.020619,0.0229,0.020591,0.017699,0.020097,0.0193,0.022529,0.019702,0.021989,0.023208,0.017044,0.019955,0.017536,0.022065,0.017385,0.021,0.02147,0.019934,0.021147,0.019083,0.019809,0.021744,0.017393,0.020504,0.019788,0.019434,0.017005,0.021025
ema,neutral,xnes,0.019257,0.020083,0.021369,0.020341,0.019587,0.016212,0.021942,0.020958,0.018041,0.020095,0.018325,0.020149,0.023162,0.021538,0.019858,0.019536,0.019726,0.018321,0.019162,0.020875,0.01842,0.019202,0.019546,0.022331,0.018586,0.019415,0.019835,0.018627,0.023531,0.025371,0.018782,0.022871,0.019682,0.018114,0.018983,0.022367,0.017655,0.018863,0.019921,0.019235,0.018701,0.018956,0.018663,0.021231,0.020469,0.020678,0.019794,0.021909,0.020369,0.019352
crossover,bull,abc,0.019306,0.022666,0.019249,0.017961,0.020071,0.016986,0.019267,0.018402,0.017504,0.019376,0.020928,0.02518,0.021308,0.0219,0.017488,0.015222,0.017483,0.015749,0.030914,0.018452,0.018662,0.021577,0.018531,0.028683,0.02127,0.018878,0.01641,0.019279,0.023655,0.0215,0.024478,0.017401,0.021746,0.019456,0.018779,0.027886,0.016637,0.020678,0.021301,0.016893,0.018192,0.016549,0.0216,0.018601,0.018427,0.018313,0.018624,0.020548,0.018704,0.021331
ema,bull,de,0.020415,0.021436,0.018432,0.017971,0.019211,0.01851,0.018964,0.019316,0.019254,0.019569,0.019528,0.023837,0.023156,0.023984,0.019275,0.015383,0.017369,0.016812,0.024038,0.020393,0.01635,0.023982,0.018983,0.023527,0.019684,0.018695,0.017606,0.019407,0.024721,0.02172,0.023102,0.018678,0.023233,0.021152,0.019952,0.02597,0.015926,0.019238,0.020328,0.017569,0.019101,0.017605,0.020223,0.018543,0.017719,0.020326,0.01833,0.020989,0.019539,0.020949
ema,bull,pso,0.022669,0.021144,0.017854,0.017099,0.017763,0.017796,0.01739,0.02157,0.019637,0.018177,0.019759,0.0242,0.022055,0.022708,0.019881,0.014402,0.018147,0.01657,0.022957,0.021495,0.017867,0.025958,0.022425,0.018977,0.019021,0.018211,0.018588,0.022052,0.023877,0.021455,0.023344,0.017616,0.0262,0.024373,0.019207,0.027125,0.014873,0.018246,0.02004,0.019671,0.020289,0.016139,0.01776,0.017528,0.015817,0.020965,0.020981,0.018355,0.019642,0.020128
ema,bull,lshade,0.019256,0.021715,0.019438,0.019049,0.018311,0.019267,0.018281,0.016387,0.019257,0.017715,0.021272,0.023642,0.024695,0.025081,0.016083,0.014258,0.014922,0.015005,0.030153,0.017162,0.017264,0.022093,0.019641,0.02685,0.021233,0.02004,0.017191,0.01869,0.027954,0.021303,0.021191,0.017876,0.022717,0.020979,0.019355,0.028176,0.015896,0.018757,0.020123,0.015424,0.02116,0.019906,0.024708,0.017086,0.016545,0.019849,0.016278,0.020665,0.019935,0.020164
ema,bull,gwo,0.022293,0.019958,0.018855,0.016273,0.018808,0.017546,0.020104,0.019913,0.016977,0.020581,0.020928,0.027172,0.021495,0.021878,0.018231,0.015427,0.018057,0.016361,0.021916,0.017996,0.017837,0.024004,0.018303,0.024217,0.01878,0.021002,0.01956,0.018846,0.024304,0.022679,0.019696,0.019244,0.025581,0.021808,0.021712,0.03046,0.015856,0.01978,0.01716,0.018049,0.017479,0.017774,0.020781,0.016714,0.017144,0.020076,0.018904,0.018735,0.020582,0.022162
crossover,bull,acor,0.01861,0.019236,0.018159,0.019533,0.016864,0.019672,0.017958,0.016495,0.017972,0.01807,0.018487,0.032517,0.02104,0.021282,0.017085,0.016783,0.015236,0.014754,0.034568,0.019223,0.017194,0.021681,0.018561,0.031747,0.021575,0.018783,0.016436,0.01783,0.024603,0.022944,0.023814,0.018168,0.022748,0.019981,0.017665,0.027117,0.017552,0.02076,0.020644,0.016162,0.018493,0.01917,0.023305,0.017854,0.015585,0.018051,0.017692,0.023167,0.018029,0.019145
ema,neutral,pso,0.020621,0.019476,0.020108,0.018329,0.020211,0.018856,0.018752,0.020673,0.022228,0.019947,0.018227,0.018966,0.021319,0.019153,0.021652,0.020299,0.019114,0.018572,0.019394,0.020547,0.019841,0.020199,0.019396,0.019693,0.019384,0.020333,0.022505,0.019887,0.020935,0.020545,0.019913,0.019913,0.017327,0.01762,0.021949,0.023326,0.020372,0.018813,0.018636,0.019834,0.016478,0.020003,0.022848,0.022262,0.017915,0.020808,0.021544,0.020632,0.020065,0.020579
ema,neutral,de,0.021519,0.02053,0.020955,0.018929,0.020529,0.017091,0.020457,0.020939,0.019385,0.020772,0.019995,0.020112,0.022496,0.019288,0.019589,0.019563,0.020066,0.020132,0.0213,0.022023,0.019117,0.021303,0.018062,0.021202,0.019192,0.019236,0.019114,0.020819,0.022483,0.020694,0.019312,0.021071,0.019368,0.019584,0.019826,0.021873,0.016801,0.021162,0.019381,0.017705,0.020514,0.018929,0.01963,0.021139,0.019182,0.01865,0.018969,0.021653,0.01795,0.020407
ema,neutral,lshade,0.021695,0.020228,0.022177,0.018881,0.021302,0.017138,0.019248,0.020553,0.01897,0.02124,0.018397,0.021647,0.022252,0.022393,0.019335,0.017831,0.019989,0.020933,0.019263,0.020059,0.018804,0.019201,0.020305,0.020306,0.02071,0.018602,0.020222,0.017571,0.022421,0.021696,0.019215,0.022776,0.019859,0.020454,0.018733,0.022424,0.017734,0.019325,0.019875,0.020111,0.019297,0.018079,0.020282,0.019601,0.019016,0.01893,0.018675,0.021739,0.018427,0.022082
ema,neutral,gwo,0.021402,0.020968,0.019594,0.018946,0.022045,0.018467,0.020083,0.02136,0.018787,0.019852,0.017538,0.020527,0.023434,0.021464,0.018635,0.018358,0.018807,0.020802,0.017578,0.020241,0.018449,0.019733,0.020396,0.021212,0.019898,0.019851,0.020018,0.018293,0.021784,0.021666,0.020168,0.020731,0.019988,0.020092,0.020772,0.022663,0.01791,0.019748,0.020776,0.019067,0.020472,0.019764,0.019379,0.020676,0.018727,0.018897,0.019706,0.021611,0.018671,0.01999
ema,bear,cma,0.019237,0.019329,0.023397,0.020202,0.018678,0.018797,0.020442,0.019587,0.020711,0.021051,0.020568,0.019526,0.019219,0.019342,0.019236,0.02085,0.021398,0.019099,0.019702,0.020133,0.018793,0.020494,0.019635,0.020399,0.021752,0.018447,0.019601,0.021876,0.019235,0.020812,0.019292,0.019505,0.018338,0.019994,0.021803,0.020556,0.022222,0.019153,0.016914,0.021375,0.020702,0.020606,0.020165,0.019092,0.018798,0.019353,0.018695,0.021397,0.020217,0.020276
crossover,bear,abc,0.018262,0.019757,0.019834,0.019132,0.019233,0.019801,0.022227,0.020177,0.01958,0.019563,0.022193,0.019177,0.022117,0.020412,0.01808,0.018737,0.019355,0.018454,0.017604,0.019866,0.021514,0.020891,0.020112,0.022068,0.023602,0.020276,0.021628,0.020047,0.018559,0.020701,0.022935,0.019159,0.020414,0.019505,0.02089,0.020357,0.01896,0.019946,0.020791,0.021298,0.017713,0.020571,0.018619,0.020236,0.018112,0.018991,0.019581,0.018947,0.019025,0.020995
ema,bear,xnes,0.020302,0.020605,0.021765,0.020098,0.018607,0.019693,0.020583,0.019198,0.019595,0.020823,0.018894,0.018296,0.019446,0.019719,0.019709,0.019945,0.022447,0.018667,0.020616,0.020577,0.018603,0.020973,0.020712,0.021191,0.020541,0.019301,0.019861,0.02157,0.019779,0.019826,0.020204,0.020404,0.020548,0.020459,0.018667,0.021388,0.021181,0.018846,0.018297,0.019095,0.019944,0.021263,0.01788,0.019703,0.019412,0.019091,0.020116,0.019575,0.020387,0.021595
ema,bear,de,0.019884,0.019331,0.020586,0.020471,0.020606,0.017855,0.020383,0.019809,0.019275,0.020709,0.020499,0.017877,0.018018,0.020135,0.019885,0.019124,0.02084,0.02059,0.019467,0.020825,0.019236,0.020644,0.02274,0.019275,0.021079,0.019364,0.018375,0.021717,0.020178,0.021318,0.019682,0.020095,0.020556,0.021176,0.019893,0.020393,0.0201,0.020552,0.01854,0.020176,0.020693,0.020228,0.018632,0.020075,0.01809,0.020967,0.019672,0.01996,0.020451,0.019976
ema,bear,lshade,0.019672,0.018695,0.020428,0.020116,0.020092,0.018914,0.019631,0.019437,0.021201,0.01854,0.020726,0.018372,0.018711,0.01919,0.020254,0.021642,0.02138,0.019913,0.018537,0.019742,0.018883,0.019173,0.0228,0.021224,0.021735,0.018871,0.018139,0.022263,0.019953,0.021708,0.019797,0.019587,0.020777,0.020504,0.018255,0.021044,0.021808,0.019641,0.018458,0.020905,0.020668,0.020681,0.018558,0.019938,0.017717,0.021755,0.019152,0.018664,0.022707,0.019445
ema,bull,abc,0.019921,0.021577,0.019641,0.017135,0.017845,0.018506,0.018551,0.016206,0.01765,0.021184,0.021395,0.024004,0.022869,0.024443,0.017377,0.015971,0.017446,0.018144,0.028053,0.017285,0.016837,0.020996,0.020461,0.024787,0.020023,0.020304,0.017366,0.020012,0.025657,0.019639,0.022151,0.017231,0.022881,0.022174,0.018344,0.026871,0.016102,0.019964,0.020566,0.016943,0.019847,0.017798,0.019787,0.018357,0.017256,0.019425,0.017667,0.021499,0.020167,0.023684
ema,bear,pso,0.019929,0.020411,0.022217,0.02095,0.020246,0.018117,0.021187,0.021363,0.019709,0.017976,0.018848,0.018195,0.018936,0.021278,0.0214,0.024122,0.020003,0.020158,0.020214,0.022365,0.018668,0.021095,0.017459,0.020242,0.020769,0.017677,0.018846,0.020999,0.020671,0.023381,0.019027,0.019874,0.017428,0.020562,0.0183,0.021826,0.022238,0.01862,0.01898,0.019753,0.020145,0.020116,0.02094,0.018482,0.017069,0.019508,0.019435,0.021077,0.019008,0.020182
ema,bear,gwo,0.020118,0.018681,0.021652,0.019135,0.019138,0.019298,0.019485,0.019114,0.020147,0.022416,0.020331,0.019907,0.02049,0.018721,0.020486,0.019591,0.02189,0.018426,0.020826,0.021416,0.019245,0.020207,0.021478,0.02193,0.022462,0.018737,0.019383,0.021795,0.01974,0.019942,0.01951,0.019765,0.018527,0.019194,0.019079,0.021189,0.020698,0.020115,0.017853,0.02274,0.01977,0.020645,0.018103,0.019022,0.01859,0.018522,0.019986,0.019853,0.019354,0.021297
ema,bull,acor,0.020854,0.020988,0.020241,0.019211,0.018571,0.01829,0.018094,0.017868,0.018668,0.019019,0.021022,0.025695,0.02175,0.02135,0.017959,0.015914,0.017236,0.017537,0.026475,0.017782,0.018037,0.02031,0.020314,0.024622,0.020796,0.019871,0.0172,0.01887,0.024114,0.020053,0.024207,0.018755,0.023144,0.021618,0.01884,0.027135,0.015501,0.019326,0.019973,0.016036,0.019619,0.018423,0.02424,0.017524,0.016697,0.018238,0.018317,0.02081,0.021479,0.021408
hmm,bull,xnes,0.020156,0.020643,0.017202,0.019271,0.019938,0.017915,0.019262,0.019826,0.018135,0.021431,0.019133,0.021114,0.0229,0.020747,0.018002,0.017602,0.019152,0.018804,0.020303,0.020124,0.018353,0.024569,0.019818,0.021311,0.02019,0.018729,0.017837,0.020147,0.022002,0.022208,0.021698,0.018443,0.023268,0.021892,0.021168,0.02291,0.01883,0.019483,0.021276,0.018868,0.019165,0.018485,0.019153,0.019006,0.01758,0.021123,0.02033,0.019823,0.019044,0.021631
hmm,bull,cma,0.018965,0.019815,0.018165,0.021034,0.019622,0.018145,0.017638,0.01927,0.016848,0.020389,0.019945,0.021982,0.021901,0.021438,0.019403,0.018103,0.018957,0.018295,0.022091,0.020474,0.018993,0.022324,0.01847,0.02258,0.020975,0.019302,0.017971,0.019362,0.021123,0.021134,0.021923,0.017578,0.023642,0.021997,0.020086,0.023661,0.018875,0.019035,0.022887,0.018145,0.02163,0.016951,0.021483,0.020509,0.017465,0.019386,0.018999,0.020573,0.019924,0.02054
ema,neutral,acor,0.021812,0.020697,0.021035,0.019275,0.020112,0.01701,0.019562,0.023706,0.019882,0.019551,0.016691,0.021445,0.022673,0.021593,0.019494,0.019283,0.020519,0.020338,0.02057,0.020755,0.017535,0.019101,0.018349,0.021724,0.020358,0.018376,0.020503,0.019545,0.021173,0.021502,0.021265,0.021277,0.02044,0.019083,0.019052,0.023282,0.017529,0.018835,0.018432,0.020689,0.018785,0.019064,0.019998,0.019458,0.016938,0.021567,0.019639,0.020298,0.019925,0.020276
hmm,neutral,cma,0.021873,0.019855,0.021765,0.019811,0.018584,0.017695,0.021544,0.021707,0.018128,0.019092,0.018733,0.024376,0.023173,0.020372,0.022772,0.016225,0.020848,0.018866,0.021037,0.023714,0.017164,0.020638,0.018296,0.017607,0.018209,0.020124,0.019432,0.019104,0.017841,0.020209,0.022992,0.01909,0.018824,0.023676,0.019236,0.02081,0.018037,0.020048,0.018535,0.020488,0.021525,0.017513,0.02037,0.020215,0.019065,0.019301,0.020757,0.020779,0.01942,0.020524
hmm,bull,lshade,0.021484,0.020687,0.017998,0.018951,0.019526,0.018592,0.018417,0.020768,0.018383,0.020249,0.019775,0.021672,0.02336,0.020308,0.018295,0.017167,0.018184,0.018092,0.021468,0.021799,0.017921,0.023799,0.018883,0.02033,0.021261,0.018674,0.019089,0.020496,0.021011,0.021982,0.022598,0.01856,0.022326,0.022409,0.020679,0.023594,0.017305,0.018522,0.021438,0.019415,0.020368,0.017161,0.020092,0.01854,0.017086,0.021602,0.019377,0.020315,0.019034,0.020959
hmm,bull,de,0.020753,0.020498,0.017407,0.019099,0.019683,0.018253,0.019163,0.020229,0.018223,0.021414,0.019389,0.021218,0.023155,0.020742,0.018016,0.017571,0.018835,0.018702,0.020473,0.02089,0.018275,0.024323,0.019291,0.020589,0.020485,0.018832,0.018526,0.020511,0.021393,0.021694,0.02186,0.018406,0.022839,0.021942,0.020938,0.022888,0.018095,0.019059,0.021581,0.019146,0.019597,0.01796,0.019396,0.018725,0.017554,0.021504,0.020304,0.019863,0.019185,0.021526
hmm,bull,pso,0.02043,0.020542,0.017333,0.019256,0.019894,0.018071,0.019413,0.019877,0.018091,0.021188,0.019259,0.0214,0.023161,0.020485,0.018028,0.017839,0.019062,0.018725,0.02023,0.020333,0.018245,0.024353,0.019747,0.021169,0.020269,0.01881,0.018034,0.020369,0.02187,0.022016,0.021474,0.01858,0.023021,0.022289,0.020707,0.023021,0.018868,0.019332,0.02167,0.018811,0.019386,0.018297,0.019144,0.018995,0.017454,0.021032,0.020165,0.019675,0.01899,0.02159
hmm,bull,gwo,0.020816,0.020123,0.017453,0.019018,0.019761,0.018372,0.018862,0.020641,0.018224,0.021153,0.019371,0.021396,0.023348,0.020405,0.018008,0.017497,0.018993,0.018448,0.020396,0.021624,0.018187,0.024965,0.019421,0.020395,0.020668,0.018641,0.018657,0.020892,0.020773,0.02198,0.02196,0.018127,0.022792,0.022028,0.020772,0.023029,0.017941,0.018781,0.0214,0.019333,0.020229,0.017783,0.019111,0.018743,0.017397,0.021699,0.020001,0.01988,0.018981,0.021529
ema,neutral,abc,0.019474,0.019529,0.020698,0.018661,0.019346,0.019065,0.01803,0.021438,0.020436,0.021338,0.019751,0.019284,0.020996,0.019215,0.020796,0.021061,0.018154,0.017985,0.01927,0.020668,0.020284,0.019768,0.020248,0.018566,0.01916,0.019809,0.023478,0.020441,0.020433,0.020738,0.019526,0.02024,0.016741,0.018119,0.021751,0.025256,0.018774,0.018405,0.019145,0.02175,0.018034,0.018828,0.021284,0.021431,0.019954,0.019909,0.022543,0.019621,0.019612,0.020958
hmm,neutral,xnes,0.019063,0.020239,0.020458,0.019534,0.019083,0.017811,0.020104,0.018137,0.018834,0.021551,0.02027,0.020899,0.024121,0.021251,0.02116,0.019922,0.023058,0.019691,0.020149,0.019187,0.020273,0.020502,0.018085,0.018529,0.017787,0.021015,0.017219,0.021449,0.018564,0.018794,0.018444,0.019007,0.021847,0.022316,0.019533,0.019961,0.019971,0.019639,0.018268,0.020841,0.018418,0.018481,0.018484,0.021403,0.02085,0.018606,0.026129,0.017538,0.020919,0.022607
hmm,neutral,de,0.020093,0.020148,0.02067,0.020508,0.020184,0.019264,0.021731,0.019052,0.017406,0.02017,0.018493,0.020611,0.022646,0.020538,0.02021,0.019629,0.021073,0.019825,0.021569,0.018812,0.018462,0.020761,0.017506,0.021259,0.018055,0.018991,0.020363,0.019716,0.019315,0.020916,0.020983,0.017999,0.019789,0.020562,0.019366,0.019891,0.019412,0.020159,0.021798,0.019426,0.020672,0.018772,0.020698,0.021888,0.01856,0.019457,0.020626,0.020563,0.020264,0.021142
ema,bear,acor,0.01955,0.019772,0.020578,0.019983,0.020584,0.018698,0.021064,0.019761,0.021008,0.021402,0.019555,0.018475,0.019823,0.019485,0.019271,0.019506,0.021798,0.019263,0.020575,0.021052,0.019241,0.020424,0.021004,0.019264,0.020665,0.018275,0.02018,0.020903,0.019516,0.019963,0.020294,0.021422,0.018222,0.020467,0.019049,0.020868,0.021473,0.020552,0.018055,0.021661,0.020262,0.021006,0.01849,0.019619,0.018787,0.019017,0.018253,0.020524,0.020154,0.021192
hmm,bear,cma,0.020459,0.019082,0.019399,0.019853,0.020395,0.020194,0.02109,0.019425,0.01909,0.019488,0.020465,0.020516,0.021186,0.019705,0.019763,0.018975,0.019158,0.019438,0.01983,0.020941,0.018002,0.020397,0.020978,0.020275,0.021412,0.019923,0.019434,0.020924,0.019114,0.021009,0.02064,0.019328,0.020969,0.020719,0.019352,0.021127,0.019678,0.019479,0.020801,0.019452,0.019888,0.018786,0.019488,0.020349,0.019452,0.019676,0.019756,0.020167,0.020223,0.020753
hmm,neutral,lshade,0.0185,0.024655,0.018999,0.020299,0.018291,0.018982,0.020643,0.018973,0.018909,0.021671,0.018608,0.023096,0.023233,0.021366,0.02115,0.018672,0.022567,0.018704,0.022154,0.019039,0.018468,0.020354,0.018772,0.018577,0.019929,0.022074,0.018594,0.019793,0.020867,0.018483,0.023084,0.017872,0.02144,0.020193,0.018471,0.02076,0.018824,0.022412,0.021845,0.019055,0.019837,0.017708,0.018128,0.019873,0.018959,0.019044,0.019388,0.018471,0.019531,0.020686
ema,bear,abc,0.019979,0.018696,0.021259,0.020298,0.019985,0.020079,0.020027,0.02091,0.021713,0.021903,0.020671,0.019988,0.019303,0.017899,0.01826,0.021182,0.021201,0.019363,0.021711,0.020472,0.018188,0.02092,0.01907,0.020594,0.020248,0.019552,0.018948,0.021926,0.019547,0.019622,0.018198,0.020298,0.021451,0.019854,0.019661,0.019214,0.021647,0.017944,0.018455,0.023593,0.019893,0.021678,0.018622,0.018747,0.018183,0.018871,0.020126,0.020039,0.019459,0.020554
hmm,bear,xnes,0.020438,0.019066,0.019515,0.019943,0.020577,0.02032,0.020877,0.019754,0.019031,0.019598,0.020123,0.020362,0.021293,0.019964,0.01979,0.019142,0.019256,0.019891,0.019379,0.020999,0.018356,0.020419,0.021001,0.019822,0.021192,0.019934,0.019789,0.020792,0.019075,0.020999,0.020656,0.01925,0.020743,0.021217,0.019296,0.02069,0.019436,0.019366,0.020528,0.019573,0.019449,0.018775,0.019553,0.020405,0.01983,0.019807,0.019885,0.019955,0.020003,0.020881
hmm,neutral,pso,0.021794,0.024529,0.021947,0.019372,0.019166,0.018257,0.020656,0.021485,0.017407,0.019056,0.017953,0.023585,0.020538,0.021471,0.020829,0.019423,0.019906,0.017147,0.021637,0.020802,0.020051,0.02055,0.018645,0.020135,0.018107,0.01998,0.0202,0.019827,0.017714,0.020283,0.023061,0.017578,0.0201,0.02205,0.021548,0.021958,0.018869,0.020605,0.020008,0.020395,0.019928,0.016755,0.018864,0.020269,0.017285,0.019473,0.018218,0.020345,0.018717,0.021522
hmm,neutral,gwo,0.019153,0.021503,0.020855,0.01945,0.017849,0.019272,0.022414,0.020607,0.015912,0.019998,0.018559,0.023982,0.021897,0.01989,0.021685,0.019786,0.020525,0.019721,0.019657,0.019783,0.019041,0.022509,0.018551,0.020678,0.018255,0.020133,0.018669,0.020187,0.019036,0.018792,0.021313,0.016647,0.02065,0.021929,0.019061,0.020963,0.021466,0.02107,0.019985,0.021683,0.019211,0.018418,0.018032,0.021335,0.018719,0.019766,0.021468,0.019545,0.018601,0.021788
hmm,bull,abc,0.019325,0.023909,0.017055,0.021809,0.019759,0.016619,0.017999,0.018232,0.017527,0.018073,0.019631,0.021668,0.022797,0.02186,0.017806,0.017623,0.017374,0.017199,0.022361,0.018844,0.018396,0.021994,0.017684,0.024336,0.022755,0.018494,0.017091,0.019602,0.020432,0.022027,0.021132,0.019081,0.024579,0.02239,0.018951,0.02505,0.01878,0.021292,0.022172,0.017365,0.020437,0.01737,0.018924,0.020831,0.018597,0.020906,0.020576,0.020482,0.018501,0.022305
hmm,bear,de,0.020369,0.018892,0.018861,0.020159,0.020507,0.020973,0.021128,0.018861,0.019402,0.018129,0.019417,0.021035,0.020963,0.019429,0.021352,0.019549,0.018761,0.01954,0.020569,0.019329,0.0188,0.019715,0.020553,0.020634,0.020716,0.019877,0.019801,0.020574,0.019642,0.020205,0.020996,0.019263,0.02051,0.021655,0.019837,0.022354,0.020468,0.01938,0.019681,0.018967,0.019681,0.019746,0.019088,0.020407,0.019842,0.020783,0.019289,0.020809,0.018951,0.020548
hmm,bear,lshade,0.020492,0.019152,0.019441,0.019767,0.020352,0.020302,0.021132,0.019743,0.019177,0.019626,0.020383,0.020236,0.021208,0.019874,0.019838,0.019032,0.019402,0.019679,0.019613,0.020995,0.018122,0.020568,0.021027,0.020053,0.021155,0.020001,0.019552,0.020729,0.01902,0.020953,0.020879,0.019177,0.020597,0.020932,0.019377,0.020918,0.019551,0.019488,0.0205,0.019486,0.019658,0.018831,0.019578,0.020265,0.019654,0.019777,0.019819,0.020171,0.019992,0.020728
hmm,bull,acor,0.019423,0.020505,0.019171,0.023537,0.018195,0.018673,0.017533,0.021389,0.017059,0.018072,0.020548,0.021598,0.02378,0.021757,0.018503,0.017595,0.018441,0.017038,0.022627,0.020139,0.018483,0.022623,0.016853,0.023579,0.02219,0.01962,0.018443,0.020051,0.01983,0.022083,0.023203,0.018191,0.024624,0.021171,0.018624,0.023225,0.019684,0.018796,0.021758,0.017647,0.020328,0.016789,0.021134,0.019088,0.017446,0.019529,0.020554,0.020101,0.018902,0.01987
hmm,bear,pso,0.020988,0.019243,0.018409,0.022832,0.02152,0.019937,0.018824,0.019931,0.020807,0.01989,0.021042,0.019891,0.019953,0.018458,0.020028,0.018175,0.01902,0.019679,0.017675,0.019969,0.016848,0.021334,0.020801,0.02003,0.024545,0.019902,0.020564,0.019266,0.0192,0.020238,0.02231,0.018417,0.019702,0.022901,0.018476,0.020863,0.018897,0.020686,0.020546,0.020231,0.019621,0.017897,0.019759,0.018004,0.020348,0.020827,0.018162,0.022072,0.02191,0.019372
hmm,bear,gwo,0.02044,0.018989,0.019443,0.019804,0.020325,0.020235,0.021023,0.019832,0.018977,0.01945,0.020342,0.020386,0.02145,0.019869,0.019952,0.019009,0.019124,0.019689,0.019615,0.021088,0.018026,0.020468,0.020915,0.019945,0.021239,0.019941,0.019498,0.020847,0.019061,0.020956,0.020972,0.019225,0.020811,0.021036,0.019364,0.02088,0.019468,0.019489,0.020501,0.019636,0.019911,0.018787,0.019483,0.020211,0.01972,0.019844,0.019629,0.020179,0.020077,0.020837
hmm,neutral,abc,0.020294,0.021471,0.021368,0.020091,0.019849,0.020154,0.019802,0.020596,0.017356,0.019295,0.01954,0.023396,0.021942,0.019335,0.021047,0.01815,0.020516,0.018786,0.019164,0.021512,0.01916,0.021043,0.016831,0.018298,0.018427,0.02048,0.01935,0.021412,0.018333,0.019888,0.024203,0.018989,0.019458,0.022084,0.018575,0.020941,0.017484,0.019573,0.019727,0.020668,0.018986,0.017914,0.020053,0.022333,0.019494,0.020584,0.021153,0.019038,0.020154,0.021704
hmm,neutral,acor,0.020537,0.023461,0.02271,0.020357,0.019923,0.018808,0.021596,0.020111,0.018223,0.019311,0.018815,0.024868,0.023951,0.020616,0.022242,0.018922,0.021387,0.017408,0.021429,0.019993,0.017206,0.021774,0.016122,0.019779,0.018117,0.018828,0.018002,0.020918,0.01858,0.020009,0.025332,0.018728,0.018966,0.021029,0.018547,0.020715,0.018195,0.019998,0.019926,0.019384,0.022,0.016473,0.019375,0.017852,0.017126,0.019094,0.021484,0.021995,0.019417,0.020359
hmm,bear,abc,0.02152,0.020296,0.019517,0.020699,0.0219,0.022467,0.021538,0.018263,0.021291,0.019492,0.019169,0.021261,0.018001,0.018085,0.020647,0.020214,0.018913,0.018501,0.019139,0.01851,0.018735,0.018892,0.020112,0.022083,0.02236,0.020818,0.019364,0.019303,0.018598,0.020648,0.020917,0.019912,0.021219,0.020753,0.018204,0.020976,0.018421,0.019847,0.019712,0.01879,0.020393,0.018264,0.021389,0.020293,0.020274,0.0207,0.019752,0.018156,0.020869,0.020824
hmm,bear,acor,0.020428,0.019235,0.019523,0.019793,0.020142,0.020338,0.02116,0.019626,0.019134,0.019353,0.020315,0.02042,0.021433,0.019799,0.019748,0.019032,0.019263,0.01963,0.02003,0.020819,0.017871,0.020218,0.020817,0.020389,0.021234,0.019978,0.019572,0.020678,0.019073,0.021022,0.020798,0.019438,0.020699,0.020993,0.019278,0.020845,0.019875,0.01955,0.020635,0.019247,0.019885,0.018704,0.019892,0.020417,0.01955,0.01968,0.019488,0.020069,0.020125,0.020759
