detector,regime,optimizer,days_train,days_val,search_fitness,elapsed_s,w_return,w_e,w_s,w_g,w_risk
crossover,bear,xnes,576,248,0.618561,2332.1,0.392884,0.0,0.141657,0.296636,0.168823
crossover,neutral,xnes,592,254,0.647317,2351.9,0.288325,0.0,0.539766,0.139867,0.032042
crossover,bull,xnes,2633,1129,1.299662,2353.9,0.176287,0.006807,0.816906,0.0,0.0
crossover,neutral,cma,592,254,0.6619,2367.9,0.205091,0.017842,0.345633,0.097821,0.333613
crossover,bear,cma,576,248,0.638271,2391.6,0.265574,0.206204,0.100371,0.101976,0.325876
crossover,bull,cma,2633,1129,1.277627,2423.1,0.325918,0.197208,0.023916,0.116171,0.336787
crossover,bear,pso,576,248,0.626336,2468.8,0.372157,0.041946,0.025307,0.378236,0.182353
crossover,neutral,gwo,592,254,0.689305,2475.9,0.425875,0.055571,0.406672,0.039862,0.07202
crossover,neutral,pso,592,254,0.709883,2482.3,0.387167,0.225905,0.281317,0.059338,0.046274
crossover,neutral,lshade,592,254,0.633722,2498.6,0.219158,0.484841,0.0,0.007255,0.288746
crossover,bull,pso,2633,1129,1.276577,2504.6,0.018745,0.197769,0.042802,0.516243,0.224441
crossover,bull,de,2633,1129,1.30205,2514.4,0.224118,0.186461,0.068209,0.171845,0.349367
crossover,bear,lshade,576,248,0.624385,2521.6,0.1851,0.214686,0.266064,0.065399,0.268752
crossover,bear,de,576,248,0.63553,2524.1,0.296343,0.164946,0.322874,0.022602,0.193234
crossover,neutral,de,592,254,0.649246,2524.3,0.337345,0.21468,0.262445,0.117182,0.068349
crossover,bull,lshade,2633,1129,1.283918,2571.6,0.056968,0.326214,0.076788,0.078072,0.461957
crossover,bull,gwo,2633,1129,1.276094,2588.7,0.274213,0.403258,0.0,0.145592,0.176937
crossover,neutral,abc,592,254,0.676204,4581.0,0.257323,0.109962,0.245509,0.055726,0.33148
ema,bull,cma,2635,1130,1.454091,2341.3,0.246136,0.391767,0.04488,0.020813,0.296405
ema,bull,xnes,2635,1130,1.448307,2389.2,0.0,0.648334,0.0,0.0,0.351666
crossover,neutral,acor,592,254,0.638572,4782.0,0.186398,0.199977,0.235978,0.035691,0.341955
crossover,bear,acor,576,248,0.647454,4784.1,0.264568,0.169924,0.348223,0.0,0.217286
crossover,bear,gwo,576,248,0.638279,2460.5,0.378821,0.049649,0.263946,0.130522,0.177063
ema,neutral,cma,738,317,0.527487,2304.1,0.2505,0.305367,0.171689,0.087589,0.184854
ema,neutral,xnes,738,317,0.506554,2319.8,0.272145,0.260199,0.211742,0.0,0.255914
crossover,bull,abc,2633,1129,1.305611,4852.5,0.207006,0.406517,0.01,0.016721,0.359756
ema,bull,de,2635,1130,1.437556,2577.0,0.159871,0.335142,0.051021,0.107591,0.346375
ema,bull,pso,2635,1130,1.453197,2531.2,0.046177,0.162555,0.208444,0.193222,0.389602
ema,bull,lshade,2635,1130,1.492241,2582.4,0.018682,0.61977,0.005057,0.0,0.356491
ema,bull,gwo,2635,1130,1.458168,2527.7,0.115291,0.396288,0.0,0.321242,0.167179
crossover,bull,acor,2633,1129,1.297603,5013.8,0.0,0.64912,0.002201,0.0,0.348679
ema,neutral,pso,738,317,0.525991,2512.2,0.353484,0.111791,0.120158,0.077928,0.336639
ema,neutral,de,738,317,0.525311,2526.2,0.267775,0.264102,0.109295,0.111443,0.247385
ema,neutral,lshade,738,317,0.534191,2531.4,0.35215,0.227718,0.117417,0.133502,0.169213
ema,neutral,gwo,738,317,0.500329,2550.4,0.217985,0.203439,0.307263,0.0,0.271312
ema,bear,cma,428,184,0.345637,2302.5,0.350782,0.175246,0.320431,0.082018,0.071523
crossover,bear,abc,576,248,0.639702,4677.5,0.317469,0.093951,0.115118,0.177611,0.295851
ema,bear,xnes,428,184,0.353164,2374.5,0.31444,0.445442,0.0,0.240118,0.0
ema,bear,de,428,184,0.363738,2472.1,0.11194,0.103722,0.269923,0.126707,0.387707
ema,bear,lshade,428,184,0.351181,2473.5,0.149107,0.0,0.550714,0.18928,0.1109
ema,bull,abc,2635,1130,1.434468,4775.0,0.0,0.381849,0.0,0.101148,0.517003
ema,bear,pso,428,184,0.351796,2483.4,0.107456,0.351462,0.307902,0.014056,0.219124
ema,bear,gwo,428,184,0.368211,2461.6,0.419,0.009313,0.277892,0.213385,0.08041
ema,bull,acor,2635,1130,1.448735,4896.8,0.374631,0.319834,0.032422,0.012812,0.260301
hmm,bull,xnes,1955,839,1.06599,2376.8,0.216154,0.340523,0.102799,0.340523,0.0
hmm,bull,cma,1955,839,1.075898,2420.7,0.066208,0.405293,0.085303,0.040749,0.402446
ema,neutral,acor,738,317,0.500962,4935.4,0.335138,0.219714,0.267266,0.0,0.177883
hmm,neutral,cma,1265,543,2.137954,2406.4,0.386593,0.037017,0.316017,0.000388,0.259985
hmm,bull,lshade,1955,839,1.066553,2540.4,0.018913,0.371746,0.371746,0.102742,0.134853
hmm,bull,de,1955,839,1.065838,2570.1,0.094364,0.280172,0.197661,0.257989,0.169814
hmm,bull,pso,1955,839,1.066553,2592.0,0.094613,0.284705,0.100928,0.27684,0.242913
hmm,bull,gwo,1955,839,1.065544,2568.7,0.169238,0.260756,0.260756,0.257203,0.052045
ema,neutral,abc,738,317,0.515715,4547.3,0.357044,0.0,0.234259,0.168325,0.240372
hmm,neutral,xnes,1265,543,2.144048,2200.0,0.071069,0.0,0.0,0.928931,0.0
hmm,neutral,de,1265,543,2.158115,2356.9,0.322418,0.221208,0.003451,0.136124,0.316799
ema,bear,acor,428,184,0.368423,4601.6,0.513269,0.149143,0.198596,0.138992,0.0
hmm,bear,cma,581,249,0.055252,2163.6,0.063191,0.261268,0.251116,0.2389,0.185525
hmm,neutral,lshade,1265,543,2.165166,2359.2,0.116382,0.329289,0.065324,0.3001,0.188905
ema,bear,abc,428,184,0.373059,4644.9,0.264976,0.197868,0.266941,0.183365,0.086851
hmm,bear,xnes,581,249,0.054048,2154.2,0.0,0.0,0.396164,0.396164,0.207671
hmm,neutral,pso,1265,543,2.171971,2296.2,0.038345,0.250446,0.285234,0.00689,0.419085
hmm,neutral,gwo,1265,543,2.169287,2301.6,0.102221,0.159169,0.184681,0.262806,0.291122
hmm,bull,abc,1955,839,1.100917,4561.1,0.458809,0.46507,0.0,0.076121,0.0
hmm,bear,de,581,249,0.061404,2272.6,0.159068,0.387645,0.067708,0.003001,0.382578
hmm,bear,lshade,581,249,0.054284,2280.3,0.0,0.120768,0.37406,0.450179,0.054993
hmm,bull,acor,1955,839,1.101078,4682.2,0.0,0.336076,0.092837,0.0,0.571088
hmm,bear,pso,581,249,0.076558,2255.8,0.10446,0.060573,0.356389,0.157034,0.321543
hmm,bear,gwo,581,249,0.05539,2240.9,0.07212,0.122026,0.377273,0.336341,0.09224
hmm,neutral,abc,1265,543,2.162144,3714.5,0.114008,0.0,0.386712,0.123461,0.37582
hmm,neutral,acor,1265,543,2.152792,3823.7,0.507955,0.256243,0.220853,0.014949,0.0
hmm,bear,abc,581,249,0.054837,3607.7,0.0,0.280713,0.296779,0.0,0.422508
hmm,bear,acor,581,249,0.055193,3732.3,0.29282,0.29282,0.188137,0.165294,0.060928
